{
    "total_duration": 24.593,
    "total_words": 57,
    "unique_words_count": 37,
    "average_chunk_length_in_words": 3.5625,
    "articulation_rate": 4.125651418645047,
    "mean_deviation_of_chunks_in_words": 2.5078125,
    "duration_of_silences_per_word": 0.18329824561403496,
    "mean_of_silence_duration": 0.6965333333333329,
    "mean_duration_of_long_pauses": 0.8569090909090903,
    "frequency_of_longer_pauses_divided_by_number_of_words": 0.19298245614035087,
    "types_divided_by_uttsegdur": 1.504493148456878,
    "mean_length_of_filled_pauses": 0.4050000000000003,
    "frequency_of_filled_pauses": 0.24397186191192616,
    "f1_mean": 457.83696857110806,
    "f2_mean": 1473.3573597077775,
    "f3_mean": 2645.1690551431625,
    "f4_mean": 3720.7001636522637,
    "f1_median": 452.2108992560837,
    "f2_median": 1443.3181201868094,
    "f3_median": 2701.018019403618,
    "f4_median": 3770.9990698843417,
    "duration": 26.52,
    "meanF0": 128.40726173170503,
    "stdevF0": 16.114513336444784,
    "hnr": 16.422285327979083,
    "local_jitter": 0.01872885137072786,
    "local_absolute_jitter": 0.0001461679247276646,
    "rap_jitter": 0.007336620990762184,
    "ppq5_jitter": 0.0090931959361673,
    "ddp_jitter": 0.022009862972286555,
    "local_shimmer": 0.06764143638260571,
    "localdb_shimmer": 0.6340367107771371,
    "apq3_shimmer": 0.019923149390715843,
    "apq5_shimmer": 0.029600231811119187,
    "apq11_shimmer": 0.05791727010338536,
    "dda_shimmer": 0.05976944817214753,
    "mean_spectral_energy": 8.518755912780762,
    "intensity_mean": 0.07642795890569687,
    "intensity_min": 0.00012513202091213316,
    "intensity_max": 0.347936749458313,
    "intensity_range": 0.34781160950660706,
    "intensity_sd": 0.07253775745630264
}