{
    "total_duration": 54.194,
    "total_words": 80,
    "unique_words_count": 61,
    "average_chunk_length_in_words": 2.5806451612903225,
    "articulation_rate": 2.678990020762172,
    "mean_deviation_of_chunks_in_words": 1.4110301768990632,
    "duration_of_silences_per_word": 0.2855249999999999,
    "mean_of_silence_duration": 0.7613999999999999,
    "mean_duration_of_long_pauses": 1.035684210526316,
    "frequency_of_longer_pauses_divided_by_number_of_words": 0.2375,
    "types_divided_by_uttsegdur": 1.1255858582130862,
    "mean_length_of_filled_pauses": 0.4650000000000002,
    "frequency_of_filled_pauses": 0.18452227183821085,
    "f1_mean": 415.54940201972846,
    "f2_mean": 1522.3263651374866,
    "f3_mean": 2647.888533990955,
    "f4_mean": 3623.54130932612,
    "f1_median": 366.0010583060956,
    "f2_median": 1450.826086648797,
    "f3_median": 2684.9866270646626,
    "f4_median": 3634.721585496853,
    "duration": 60.9485,
    "meanF0": 128.80055079650398,
    "stdevF0": 17.943045947875778,
    "hnr": 17.073700582056343,
    "local_jitter": 0.018411483004825865,
    "local_absolute_jitter": 0.00014278909150663118,
    "rap_jitter": 0.006494482588019388,
    "ppq5_jitter": 0.008057512224064598,
    "ddp_jitter": 0.019483447764058165,
    "local_shimmer": 0.06752901724323462,
    "localdb_shimmer": 0.6439649864429378,
    "apq3_shimmer": 0.017950403142155305,
    "apq5_shimmer": 0.029210947594144113,
    "apq11_shimmer": 0.05988061616746533,
    "dda_shimmer": 0.053851209426465915,
    "mean_spectral_energy": 4.4808855056762695,
    "intensity_mean": 0.05365550518035889,
    "intensity_min": 0.00010387811198597774,
    "intensity_max": 0.2646835744380951,
    "intensity_range": 0.2645796835422516,
    "intensity_sd": 0.05441753566265106
}