{
    "total_duration": 43.558,
    "total_words": 96,
    "unique_words_count": 67,
    "average_chunk_length_in_words": 4.0,
    "articulation_rate": 3.260980332212372,
    "mean_deviation_of_chunks_in_words": 2.1666666666666665,
    "duration_of_silences_per_word": 0.14364583333333336,
    "mean_of_silence_duration": 0.5995652173913044,
    "mean_duration_of_long_pauses": 1.1783750000000002,
    "frequency_of_longer_pauses_divided_by_number_of_words": 0.08333333333333333,
    "types_divided_by_uttsegdur": 1.5381789797511365,
    "mean_length_of_filled_pauses": 0.5614285714285714,
    "frequency_of_filled_pauses": 0.16070526654116352,
    "f1_mean": 411.3819517135038,
    "f2_mean": 1472.0019361360694,
    "f3_mean": 2579.508677402813,
    "f4_mean": 3543.7964373016307,
    "f1_median": 351.1513312665209,
    "f2_median": 1417.0425680570506,
    "f3_median": 2603.962364324164,
    "f4_median": 3517.180139284839,
    "duration": 47.00425,
    "meanF0": 115.46544060432103,
    "stdevF0": 12.423895149277518,
    "hnr": 17.183788588736995,
    "local_jitter": 0.018055949780241276,
    "local_absolute_jitter": 0.0001564603635224484,
    "rap_jitter": 0.006573665107603601,
    "ppq5_jitter": 0.0082230738234369,
    "ddp_jitter": 0.019720995322810804,
    "local_shimmer": 0.06453653614839049,
    "localdb_shimmer": 0.6374419348636617,
    "apq3_shimmer": 0.01913137011936521,
    "apq5_shimmer": 0.02955592899680663,
    "apq11_shimmer": 0.059198209839671084,
    "dda_shimmer": 0.057394110358095635,
    "mean_spectral_energy": 9.36921215057373,
    "intensity_mean": 0.08152720332145691,
    "intensity_min": 0.00014607633056584746,
    "intensity_max": 0.42449989914894104,
    "intensity_range": 0.42435380816459656,
    "intensity_sd": 0.07459436357021332
}