{
    "total_duration": 56.461,
    "total_words": 113,
    "unique_words_count": 77,
    "average_chunk_length_in_words": 3.2285714285714286,
    "articulation_rate": 3.428086035858386,
    "mean_deviation_of_chunks_in_words": 1.7289795918367346,
    "duration_of_silences_per_word": 0.20308849557522118,
    "mean_of_silence_duration": 0.674970588235294,
    "mean_duration_of_long_pauses": 0.9244000000000001,
    "frequency_of_longer_pauses_divided_by_number_of_words": 0.17699115044247787,
    "types_divided_by_uttsegdur": 1.3637732239953242,
    "mean_length_of_filled_pauses": 0.4390909090909103,
    "frequency_of_filled_pauses": 0.1948247462850463,
    "f1_mean": 409.06713742755096,
    "f2_mean": 1530.3411678308119,
    "f3_mean": 2679.9586013664825,
    "f4_mean": 3669.28757089454,
    "f1_median": 366.5682853925911,
    "f2_median": 1460.6747720818664,
    "f3_median": 2714.431533994526,
    "f4_median": 3690.9190730500554,
    "duration": 61.31,
    "meanF0": 129.19302799467104,
    "stdevF0": 19.256974942166043,
    "hnr": 17.155358379234396,
    "local_jitter": 0.018535553715122697,
    "local_absolute_jitter": 0.0001436084987009818,
    "rap_jitter": 0.006651099618608338,
    "ppq5_jitter": 0.008080534024031862,
    "ddp_jitter": 0.019953298855825013,
    "local_shimmer": 0.06526886196194938,
    "localdb_shimmer": 0.618577798245956,
    "apq3_shimmer": 0.017750246830267807,
    "apq5_shimmer": 0.02785325548628846,
    "apq11_shimmer": 0.05527854895503913,
    "dda_shimmer": 0.05325074049080342,
    "mean_spectral_energy": 6.950668811798096,
    "intensity_mean": 0.0719616636633873,
    "intensity_min": 0.00016102546942420304,
    "intensity_max": 0.28324389457702637,
    "intensity_range": 0.28308287262916565,
    "intensity_sd": 0.06229535490274429
}