{
    "total_duration": 41.428,
    "total_words": 42,
    "unique_words_count": 32,
    "average_chunk_length_in_words": 1.826086956521739,
    "articulation_rate": 1.9867549668874178,
    "mean_deviation_of_chunks_in_words": 0.5746691871455578,
    "duration_of_silences_per_word": 0.48140476190476195,
    "mean_of_silence_duration": 0.9190454545454546,
    "mean_duration_of_long_pauses": 1.2412,
    "frequency_of_longer_pauses_divided_by_number_of_words": 0.35714285714285715,
    "types_divided_by_uttsegdur": 0.772424447233755,
    "mean_length_of_filled_pauses": 0.40666666666666695,
    "frequency_of_filled_pauses": 0.2172443757844936,
    "f1_mean": 412.09604411225075,
    "f2_mean": 1563.7682192890647,
    "f3_mean": 2623.2926957547843,
    "f4_mean": 3540.30728257426,
    "f1_median": 353.44452355441655,
    "f2_median": 1510.563848330206,
    "f3_median": 2611.4273353483013,
    "f4_median": 3574.8505589742967,
    "duration": 50.9,
    "meanF0": 131.0023442974526,
    "stdevF0": 23.647892740747377,
    "hnr": 15.706435948000356,
    "local_jitter": 0.024104918768282614,
    "local_absolute_jitter": 0.0001844273209582393,
    "rap_jitter": 0.007887434010424065,
    "ppq5_jitter": 0.009444733785845942,
    "ddp_jitter": 0.023662302031272196,
    "local_shimmer": 0.08409114411944549,
    "localdb_shimmer": 0.8376339877522068,
    "apq3_shimmer": 0.02452663658309801,
    "apq5_shimmer": 0.037298388523463295,
    "apq11_shimmer": 0.07657962042732958,
    "dda_shimmer": 0.07357990974929403,
    "mean_spectral_energy": 3.100757122039795,
    "intensity_mean": 0.0376550666987896,
    "intensity_min": 9.006766777019948e-05,
    "intensity_max": 0.28171437978744507,
    "intensity_range": 0.28162431716918945,
    "intensity_sd": 0.05121989920735359
}