{
    "total_duration": 50.137,
    "total_words": 75,
    "unique_words_count": 55,
    "average_chunk_length_in_words": 2.027027027027027,
    "articulation_rate": 3.3343706931045194,
    "mean_deviation_of_chunks_in_words": 0.7947406866325789,
    "duration_of_silences_per_word": 0.36793333333333317,
    "mean_of_silence_duration": 0.7665277777777775,
    "mean_duration_of_long_pauses": 1.0659545454545452,
    "frequency_of_longer_pauses_divided_by_number_of_words": 0.29333333333333333,
    "types_divided_by_uttsegdur": 1.0969942357939246,
    "mean_length_of_filled_pauses": 0.39300000000000096,
    "frequency_of_filled_pauses": 0.1994534974170772,
    "f1_mean": 468.1172907089079,
    "f2_mean": 1547.925890665072,
    "f3_mean": 2675.936846678075,
    "f4_mean": 3618.8943043770737,
    "f1_median": 414.96778273303005,
    "f2_median": 1434.1401902002576,
    "f3_median": 2653.3211820255833,
    "f4_median": 3677.8198671837476,
    "duration": 72.1565,
    "meanF0": 138.71740143735477,
    "stdevF0": 28.701042988118022,
    "hnr": 15.83846692649664,
    "local_jitter": 0.024690712171275588,
    "local_absolute_jitter": 0.00017837420780666413,
    "rap_jitter": 0.008916631188628801,
    "ppq5_jitter": 0.010781185532121275,
    "ddp_jitter": 0.026749893565886404,
    "local_shimmer": 0.07245429373028726,
    "localdb_shimmer": 0.7962494893065121,
    "apq3_shimmer": 0.018713310969888576,
    "apq5_shimmer": 0.030483203193151877,
    "apq11_shimmer": 0.0666568853730111,
    "dda_shimmer": 0.05613993290966573,
    "mean_spectral_energy": 3.8494980335235596,
    "intensity_mean": 0.04203061759471893,
    "intensity_min": 0.00012036014959448949,
    "intensity_max": 0.2559971213340759,
    "intensity_range": 0.255876749753952,
    "intensity_sd": 0.0570148266851902
}