{
    "total_duration": 42.775,
    "total_words": 68,
    "unique_words_count": 41,
    "average_chunk_length_in_words": 2.125,
    "articulation_rate": 2.999029725676988,
    "mean_deviation_of_chunks_in_words": 1.2265625,
    "duration_of_silences_per_word": 0.2948823529411766,
    "mean_of_silence_duration": 0.6468387096774195,
    "mean_duration_of_long_pauses": 0.9524117647058825,
    "frequency_of_longer_pauses_divided_by_number_of_words": 0.25,
    "types_divided_by_uttsegdur": 0.9585037989479837,
    "mean_length_of_filled_pauses": 0.41181818181818125,
    "frequency_of_filled_pauses": 0.2571595558153127,
    "f1_mean": 437.67850610305555,
    "f2_mean": 1563.885918559595,
    "f3_mean": 2659.7043816370106,
    "f4_mean": 3569.3265773053527,
    "f1_median": 389.75938619344674,
    "f2_median": 1499.9540799610454,
    "f3_median": 2643.7556552679025,
    "f4_median": 3610.839617558131,
    "duration": 50.04,
    "meanF0": 132.65835124933093,
    "stdevF0": 23.69158867733681,
    "hnr": 15.919329666280891,
    "local_jitter": 0.02240644091230538,
    "local_absolute_jitter": 0.00016928849863615455,
    "rap_jitter": 0.007275344108088182,
    "ppq5_jitter": 0.008800960457487681,
    "ddp_jitter": 0.021826032324264548,
    "local_shimmer": 0.07127883301444161,
    "localdb_shimmer": 0.7493290283847778,
    "apq3_shimmer": 0.018669783701305398,
    "apq5_shimmer": 0.03066890564510775,
    "apq11_shimmer": 0.07033934362881247,
    "dda_shimmer": 0.056009351103916194,
    "mean_spectral_energy": 3.556746482849121,
    "intensity_mean": 0.04357874020934105,
    "intensity_min": 0.00011417900532251224,
    "intensity_max": 0.23653870820999146,
    "intensity_range": 0.2364245355129242,
    "intensity_sd": 0.052312470972537994
}