{
    "total_duration": 26.203,
    "total_words": 70,
    "unique_words_count": 41,
    "average_chunk_length_in_words": 4.117647058823529,
    "articulation_rate": 4.016525131971541,
    "mean_deviation_of_chunks_in_words": 2.6228373702422143,
    "duration_of_silences_per_word": 0.12465714285714287,
    "mean_of_silence_duration": 0.545375,
    "mean_duration_of_long_pauses": 0.7026666666666669,
    "frequency_of_longer_pauses_divided_by_number_of_words": 0.12857142857142856,
    "types_divided_by_uttsegdur": 1.5647063313361065,
    "mean_length_of_filled_pauses": 0.3659999999999993,
    "frequency_of_filled_pauses": 0.19081784528489104,
    "f1_mean": 395.07064727593024,
    "f2_mean": 1501.0859096043544,
    "f3_mean": 2459.7494287694553,
    "f4_mean": 3539.663016257297,
    "f1_median": 365.91802705568955,
    "f2_median": 1421.2715051802254,
    "f3_median": 2400.2922647089363,
    "f4_median": 3569.9235864268576,
    "duration": 28.16,
    "meanF0": 104.70309770035854,
    "stdevF0": 8.811628203543535,
    "hnr": 14.901996020064262,
    "local_jitter": 0.021671256923355135,
    "local_absolute_jitter": 0.00020683605795923898,
    "rap_jitter": 0.010175074271835416,
    "ppq5_jitter": 0.009987042874372876,
    "ddp_jitter": 0.03052522281550625,
    "local_shimmer": 0.0755165962460658,
    "localdb_shimmer": 0.7621850517659673,
    "apq3_shimmer": 0.021551570692813472,
    "apq5_shimmer": 0.03569093313647955,
    "apq11_shimmer": 0.07787908872301812,
    "dda_shimmer": 0.06465471207844042,
    "mean_spectral_energy": 3.137462615966797,
    "intensity_mean": 0.047381091862916946,
    "intensity_min": 0.00034859380684792995,
    "intensity_max": 0.21855761110782623,
    "intensity_range": 0.21820901334285736,
    "intensity_sd": 0.04294480383396149
}