{
    "total_duration": 58.697,
    "total_words": 142,
    "unique_words_count": 79,
    "average_chunk_length_in_words": 3.4634146341463414,
    "articulation_rate": 3.8203879577066897,
    "mean_deviation_of_chunks_in_words": 2.0547293277810827,
    "duration_of_silences_per_word": 0.14886619718309857,
    "mean_of_silence_duration": 0.5284749999999999,
    "mean_duration_of_long_pauses": 0.7750555555555556,
    "frequency_of_longer_pauses_divided_by_number_of_words": 0.1267605633802817,
    "types_divided_by_uttsegdur": 1.3458950201884252,
    "mean_length_of_filled_pauses": 0.4028571428571434,
    "frequency_of_filled_pauses": 0.11925652077618958,
    "f1_mean": 389.1771129833291,
    "f2_mean": 1518.9703888777108,
    "f3_mean": 2511.4359925162053,
    "f4_mean": 3513.401922295652,
    "f1_median": 376.37037453126254,
    "f2_median": 1460.222714185272,
    "f3_median": 2456.0109889860473,
    "f4_median": 3569.3685529062104,
    "duration": 63.59,
    "meanF0": 104.17328785089244,
    "stdevF0": 11.332920610324424,
    "hnr": 15.518931032780644,
    "local_jitter": 0.019814942889449984,
    "local_absolute_jitter": 0.00019028626794545238,
    "rap_jitter": 0.008790065575374068,
    "ppq5_jitter": 0.009341899742523856,
    "ddp_jitter": 0.026370196726122203,
    "local_shimmer": 0.0734580868332251,
    "localdb_shimmer": 0.7401703254816029,
    "apq3_shimmer": 0.023134795596447974,
    "apq5_shimmer": 0.03507152042160561,
    "apq11_shimmer": 0.07251396425155396,
    "dda_shimmer": 0.06940438678934392,
    "mean_spectral_energy": 3.0655605792999268,
    "intensity_mean": 0.047589994966983795,
    "intensity_min": 0.00042283558286726475,
    "intensity_max": 0.2079131156206131,
    "intensity_range": 0.20749028027057648,
    "intensity_sd": 0.04160158336162567
}