{
    "total_duration": 44.635,
    "total_words": 86,
    "unique_words_count": 48,
    "average_chunk_length_in_words": 2.9655172413793105,
    "articulation_rate": 3.4446847712889515,
    "mean_deviation_of_chunks_in_words": 1.412604042806183,
    "duration_of_silences_per_word": 0.22697674418604635,
    "mean_of_silence_duration": 0.6971428571428566,
    "mean_duration_of_long_pauses": 0.9773124999999993,
    "frequency_of_longer_pauses_divided_by_number_of_words": 0.18604651162790697,
    "types_divided_by_uttsegdur": 1.075389268511258,
    "mean_length_of_filled_pauses": 0.3799999999999999,
    "frequency_of_filled_pauses": 0.13442365856390726,
    "f1_mean": 389.6785752632102,
    "f2_mean": 1521.978452065477,
    "f3_mean": 2603.16364292338,
    "f4_mean": 3585.772791196089,
    "f1_median": 364.589057495353,
    "f2_median": 1491.233150534108,
    "f3_median": 2542.973809242515,
    "f4_median": 3652.3400456121326,
    "duration": 53.18,
    "meanF0": 106.98220366530411,
    "stdevF0": 14.674888990785641,
    "hnr": 16.612498774503564,
    "local_jitter": 0.016570587604610273,
    "local_absolute_jitter": 0.00015498759619132354,
    "rap_jitter": 0.0070398761507650615,
    "ppq5_jitter": 0.007879034820671848,
    "ddp_jitter": 0.021119628452295185,
    "local_shimmer": 0.07005486290583544,
    "localdb_shimmer": 0.7248663726072507,
    "apq3_shimmer": 0.018886923252041103,
    "apq5_shimmer": 0.03063002058280646,
    "apq11_shimmer": 0.07065979855394175,
    "dda_shimmer": 0.05666076975612331,
    "mean_spectral_energy": 1.9206428527832031,
    "intensity_mean": 0.033250387758016586,
    "intensity_min": 0.0001251060893991962,
    "intensity_max": 0.17755761742591858,
    "intensity_range": 0.17743250727653503,
    "intensity_sd": 0.03738568350672722
}