{
    "total_duration": 57.946,
    "total_words": 156,
    "unique_words_count": 86,
    "average_chunk_length_in_words": 4.0,
    "articulation_rate": 3.969162659338983,
    "mean_deviation_of_chunks_in_words": 1.9487179487179487,
    "duration_of_silences_per_word": 0.11842307692307695,
    "mean_of_silence_duration": 0.4861578947368422,
    "mean_duration_of_long_pauses": 0.7977857142857141,
    "frequency_of_longer_pauses_divided_by_number_of_words": 0.08974358974358974,
    "types_divided_by_uttsegdur": 1.4841404065854418,
    "mean_length_of_filled_pauses": 0.4275000000000002,
    "frequency_of_filled_pauses": 0.06902978635281123,
    "f1_mean": 393.64555349662595,
    "f2_mean": 1509.5169496074816,
    "f3_mean": 2516.743057739897,
    "f4_mean": 3562.956350759943,
    "f1_median": 351.184814161291,
    "f2_median": 1432.344389996063,
    "f3_median": 2447.9420178016826,
    "f4_median": 3592.7416470639255,
    "duration": 61.4,
    "meanF0": 103.22067284874903,
    "stdevF0": 8.349843306058855,
    "hnr": 15.03396592600055,
    "local_jitter": 0.02345947462773659,
    "local_absolute_jitter": 0.00022729319744280025,
    "rap_jitter": 0.010295869150169288,
    "ppq5_jitter": 0.010458227307350992,
    "ddp_jitter": 0.030887607450507865,
    "local_shimmer": 0.08505089541933562,
    "localdb_shimmer": 0.8642233123222753,
    "apq3_shimmer": 0.0254657208018872,
    "apq5_shimmer": 0.03831269187677693,
    "apq11_shimmer": 0.08443221052830954,
    "dda_shimmer": 0.0763971624056616,
    "mean_spectral_energy": 2.692966938018799,
    "intensity_mean": 0.044914085417985916,
    "intensity_min": 0.0004301225708331913,
    "intensity_max": 0.20148739218711853,
    "intensity_range": 0.20105727016925812,
    "intensity_sd": 0.03862826153635979
}