{
    "total_duration": 59.704,
    "total_words": 160,
    "unique_words_count": 82,
    "average_chunk_length_in_words": 3.404255319148936,
    "articulation_rate": 4.252717752438666,
    "mean_deviation_of_chunks_in_words": 1.7238569488456315,
    "duration_of_silences_per_word": 0.13744999999999988,
    "mean_of_silence_duration": 0.47808695652173866,
    "mean_duration_of_long_pauses": 0.761624999999999,
    "frequency_of_longer_pauses_divided_by_number_of_words": 0.1,
    "types_divided_by_uttsegdur": 1.3734423154227522,
    "mean_length_of_filled_pauses": 0.5599999999999975,
    "frequency_of_filled_pauses": 0.050247889588637275,
    "f1_mean": 398.7842791183735,
    "f2_mean": 1508.5194760910692,
    "f3_mean": 2512.8601056874963,
    "f4_mean": 3558.8037049117147,
    "f1_median": 371.9327626932507,
    "f2_median": 1463.8288922775284,
    "f3_median": 2447.633622055777,
    "f4_median": 3581.1312542990177,
    "duration": 132.87,
    "meanF0": 101.90986486430764,
    "stdevF0": 11.555821274753173,
    "hnr": 14.042084925803294,
    "local_jitter": 0.02487880495986323,
    "local_absolute_jitter": 0.0002446519285671853,
    "rap_jitter": 0.010719540092754606,
    "ppq5_jitter": 0.010581185537063557,
    "ddp_jitter": 0.032158620278263814,
    "local_shimmer": 0.08155001078076037,
    "localdb_shimmer": 0.808616341935135,
    "apq3_shimmer": 0.02471159596708287,
    "apq5_shimmer": 0.03797762038052651,
    "apq11_shimmer": 0.0871021787888076,
    "dda_shimmer": 0.07413478790124861,
    "mean_spectral_energy": 1.1958236694335938,
    "intensity_mean": 0.020572146400809288,
    "intensity_min": 0.0003111429396085441,
    "intensity_max": 0.19925320148468018,
    "intensity_range": 0.19894206523895264,
    "intensity_sd": 0.03369523212313652
}