{
    "total_duration": 56.533,
    "total_words": 74,
    "unique_words_count": 54,
    "average_chunk_length_in_words": 2.1142857142857143,
    "articulation_rate": 2.0839200225288654,
    "mean_deviation_of_chunks_in_words": 0.7853061224489795,
    "duration_of_silences_per_word": 0.27964864864864863,
    "mean_of_silence_duration": 0.6086470588235294,
    "mean_duration_of_long_pauses": 0.9206470588235297,
    "frequency_of_longer_pauses_divided_by_number_of_words": 0.22972972972972974,
    "types_divided_by_uttsegdur": 0.9551943112872128,
    "mean_length_of_filled_pauses": 0.5045454545454542,
    "frequency_of_filled_pauses": 0.19457661896591372,
    "f1_mean": 457.220876289881,
    "f2_mean": 1420.2155949258638,
    "f3_mean": 2470.139367453844,
    "f4_mean": 3410.0482038045006,
    "f1_median": 436.0247804512665,
    "f2_median": 1400.3895609127228,
    "f3_median": 2505.4413324359502,
    "f4_median": 3421.761573161679,
    "duration": 61.29,
    "meanF0": 99.66007399236457,
    "stdevF0": 15.350124105353059,
    "hnr": 15.531489020538663,
    "local_jitter": 0.02096102970751548,
    "local_absolute_jitter": 0.00021094267628251007,
    "rap_jitter": 0.008418177524205024,
    "ppq5_jitter": 0.009089531989564109,
    "ddp_jitter": 0.02525453257261507,
    "local_shimmer": 0.06641040707668029,
    "localdb_shimmer": 0.6576871436130881,
    "apq3_shimmer": 0.01990248581834804,
    "apq5_shimmer": 0.028829858103401534,
    "apq11_shimmer": 0.053390496968805275,
    "dda_shimmer": 0.05970745745504412,
    "mean_spectral_energy": 3.2540926933288574,
    "intensity_mean": 0.04840421304106712,
    "intensity_min": 8.229287777794525e-05,
    "intensity_max": 0.22949527204036713,
    "intensity_range": 0.2294129729270935,
    "intensity_sd": 0.04356912523508072
}