{
    "total_duration": 28.409,
    "total_words": 44,
    "unique_words_count": 32,
    "average_chunk_length_in_words": 2.4444444444444446,
    "articulation_rate": 2.769211404116054,
    "mean_deviation_of_chunks_in_words": 1.0987654320987654,
    "duration_of_silences_per_word": 0.24295454545454523,
    "mean_of_silence_duration": 0.6288235294117641,
    "mean_duration_of_long_pauses": 0.9118888888888882,
    "frequency_of_longer_pauses_divided_by_number_of_words": 0.20454545454545456,
    "types_divided_by_uttsegdur": 1.1264036044915344,
    "mean_length_of_filled_pauses": 0.4714285714285718,
    "frequency_of_filled_pauses": 0.24640078848252314,
    "f1_mean": 470.7941394762819,
    "f2_mean": 1436.9216143110623,
    "f3_mean": 2579.706659761428,
    "f4_mean": 3472.0396673238442,
    "f1_median": 430.11884358105044,
    "f2_median": 1433.929254106355,
    "f3_median": 2589.104388797178,
    "f4_median": 3460.4934500512522,
    "duration": 30.65,
    "meanF0": 97.63533389222916,
    "stdevF0": 15.637648722164043,
    "hnr": 14.857463734727933,
    "local_jitter": 0.026058895495478886,
    "local_absolute_jitter": 0.0002673860857944393,
    "rap_jitter": 0.011065980271818888,
    "ppq5_jitter": 0.010352295906989665,
    "ddp_jitter": 0.03319794081545666,
    "local_shimmer": 0.07035396269774181,
    "localdb_shimmer": 0.6717005721752469,
    "apq3_shimmer": 0.021353481591942922,
    "apq5_shimmer": 0.03190784766336095,
    "apq11_shimmer": 0.05669728898970146,
    "dda_shimmer": 0.06406044477582877,
    "mean_spectral_energy": 4.179861545562744,
    "intensity_mean": 0.05595028027892113,
    "intensity_min": 9.852139191934839e-05,
    "intensity_max": 0.18221528828144073,
    "intensity_range": 0.18211676180362701,
    "intensity_sd": 0.04813932254910469
}