{
    "total_duration": 43.791,
    "total_words": 70,
    "unique_words_count": 46,
    "average_chunk_length_in_words": 2.3333333333333335,
    "articulation_rate": 2.499375156210949,
    "mean_deviation_of_chunks_in_words": 1.377777777777778,
    "duration_of_silences_per_word": 0.2227857142857146,
    "mean_of_silence_duration": 0.5377586206896559,
    "mean_duration_of_long_pauses": 0.8206923076923082,
    "frequency_of_longer_pauses_divided_by_number_of_words": 0.18571428571428572,
    "types_divided_by_uttsegdur": 1.050444155191706,
    "mean_length_of_filled_pauses": 0.41,
    "frequency_of_filled_pauses": 0.2740289100500103,
    "f1_mean": 458.0033697222528,
    "f2_mean": 1446.2182910591678,
    "f3_mean": 2444.055858334399,
    "f4_mean": 3423.8270170638734,
    "f1_median": 438.81244066136594,
    "f2_median": 1423.3825498333779,
    "f3_median": 2475.7907957312327,
    "f4_median": 3447.3973185897185,
    "duration": 46.5,
    "meanF0": 95.3203535543639,
    "stdevF0": 15.907206562090105,
    "hnr": 15.635570033132186,
    "local_jitter": 0.019738350032503724,
    "local_absolute_jitter": 0.00020771904128854166,
    "rap_jitter": 0.007669665109931939,
    "ppq5_jitter": 0.00829836748895479,
    "ddp_jitter": 0.02300899532979582,
    "local_shimmer": 0.06434371965126927,
    "localdb_shimmer": 0.6069659109076073,
    "apq3_shimmer": 0.02002424379739425,
    "apq5_shimmer": 0.029787209456211872,
    "apq11_shimmer": 0.051820168531058135,
    "dda_shimmer": 0.06007273139218275,
    "mean_spectral_energy": 5.200048446655273,
    "intensity_mean": 0.06316026300191879,
    "intensity_min": 0.00010031576675828546,
    "intensity_max": 0.27434268593788147,
    "intensity_range": 0.2742423713207245,
    "intensity_sd": 0.052804235368967056
}