{
    "total_duration": 57.445,
    "total_words": 113,
    "unique_words_count": 68,
    "average_chunk_length_in_words": 3.53125,
    "articulation_rate": 3.111918924873321,
    "mean_deviation_of_chunks_in_words": 2.3515625,
    "duration_of_silences_per_word": 0.1862300884955753,
    "mean_of_silence_duration": 0.6788387096774195,
    "mean_duration_of_long_pauses": 1.1065000000000005,
    "frequency_of_longer_pauses_divided_by_number_of_words": 0.1415929203539823,
    "types_divided_by_uttsegdur": 1.1837409696231178,
    "mean_length_of_filled_pauses": 0.6150000000000002,
    "frequency_of_filled_pauses": 0.06963182174253633,
    "f1_mean": 457.6602509618214,
    "f2_mean": 1707.9105844477472,
    "f3_mean": 2682.0174621424844,
    "f4_mean": 3852.1982640146125,
    "f1_median": 411.5276797725984,
    "f2_median": 1759.6033717517655,
    "f3_median": 2781.3458854432165,
    "f4_median": 3912.1995471174096,
    "duration": 64.22,
    "meanF0": 187.05164436090365,
    "stdevF0": 32.48988465592178,
    "hnr": 20.38986829759066,
    "local_jitter": 0.014979073698007068,
    "local_absolute_jitter": 7.995038169254119e-05,
    "rap_jitter": 0.006732247417718407,
    "ppq5_jitter": 0.00635887773664066,
    "ddp_jitter": 0.020196742253155223,
    "local_shimmer": 0.04511796643922947,
    "localdb_shimmer": 0.515278474646472,
    "apq3_shimmer": 0.012539378019120462,
    "apq5_shimmer": 0.01787071599988672,
    "apq11_shimmer": 0.03750003991350487,
    "dda_shimmer": 0.03761813405736139,
    "mean_spectral_energy": 4.0587897300720215,
    "intensity_mean": 0.05112956464290619,
    "intensity_min": 0.0001566489809192717,
    "intensity_max": 0.2599062919616699,
    "intensity_range": 0.2597496509552002,
    "intensity_sd": 0.05172819644212723
}