{
    "total_duration": 24.228,
    "total_words": 46,
    "unique_words_count": 32,
    "average_chunk_length_in_words": 2.875,
    "articulation_rate": 2.879679479153624,
    "mean_deviation_of_chunks_in_words": 1.84375,
    "duration_of_silences_per_word": 0.17836956521739128,
    "mean_of_silence_duration": 0.5469999999999999,
    "mean_duration_of_long_pauses": 0.8031249999999996,
    "frequency_of_longer_pauses_divided_by_number_of_words": 0.17391304347826086,
    "types_divided_by_uttsegdur": 1.3207858675912167,
    "mean_length_of_filled_pauses": 0.3,
    "frequency_of_filled_pauses": 0.08254911672445105,
    "f1_mean": 448.49178968924394,
    "f2_mean": 1695.5791651063773,
    "f3_mean": 2748.262539532896,
    "f4_mean": 3837.308331071214,
    "f1_median": 379.60685763801484,
    "f2_median": 1670.8954113234324,
    "f3_median": 2806.8759239883575,
    "f4_median": 3884.1984365988537,
    "duration": 29.74,
    "meanF0": 191.21588718921555,
    "stdevF0": 34.580222244386775,
    "hnr": 22.389658740245267,
    "local_jitter": 0.013895802063802934,
    "local_absolute_jitter": 7.266489301170368e-05,
    "rap_jitter": 0.006722167300997272,
    "ppq5_jitter": 0.006459941814014348,
    "ddp_jitter": 0.020166501902991817,
    "local_shimmer": 0.03695344737231585,
    "localdb_shimmer": 0.4099773394579754,
    "apq3_shimmer": 0.012646439896035809,
    "apq5_shimmer": 0.01587269138095941,
    "apq11_shimmer": 0.02903654870061333,
    "dda_shimmer": 0.037939319688107424,
    "mean_spectral_energy": 3.6757655143737793,
    "intensity_mean": 0.04813862219452858,
    "intensity_min": 0.0001659246045164764,
    "intensity_max": 0.29740872979164124,
    "intensity_range": 0.29724279046058655,
    "intensity_sd": 0.049733731895685196
}