{
    "total_duration": 43.813,
    "total_words": 95,
    "unique_words_count": 56,
    "average_chunk_length_in_words": 5.277777777777778,
    "articulation_rate": 3.082214002984881,
    "mean_deviation_of_chunks_in_words": 2.6419753086419755,
    "duration_of_silences_per_word": 0.13560000000000003,
    "mean_of_silence_duration": 0.757764705882353,
    "mean_duration_of_long_pauses": 0.9599999999999999,
    "frequency_of_longer_pauses_divided_by_number_of_words": 0.12631578947368421,
    "types_divided_by_uttsegdur": 1.2781594503914362,
    "mean_length_of_filled_pauses": 0.6599999999999984,
    "frequency_of_filled_pauses": 0.045648551799694154,
    "f1_mean": 485.45339679449376,
    "f2_mean": 1774.7890722783961,
    "f3_mean": 2766.6348730444,
    "f4_mean": 3852.1319155866745,
    "f1_median": 441.56143108405763,
    "f2_median": 1846.7425094725756,
    "f3_median": 2823.4560777006545,
    "f4_median": 3925.871565675873,
    "duration": 47.91,
    "meanF0": 194.69432756109777,
    "stdevF0": 22.046039787286563,
    "hnr": 21.948705343803862,
    "local_jitter": 0.009514683450446102,
    "local_absolute_jitter": 4.8784451542876345e-05,
    "rap_jitter": 0.004149555037969434,
    "ppq5_jitter": 0.004382519547751983,
    "ddp_jitter": 0.012448665113908302,
    "local_shimmer": 0.03656412964234579,
    "localdb_shimmer": 0.4261169862934852,
    "apq3_shimmer": 0.009823755291379552,
    "apq5_shimmer": 0.014870166306103908,
    "apq11_shimmer": 0.03250810688495848,
    "dda_shimmer": 0.029471265874138657,
    "mean_spectral_energy": 4.454108238220215,
    "intensity_mean": 0.05751992017030716,
    "intensity_min": 0.00015762614202685654,
    "intensity_max": 0.1986667960882187,
    "intensity_range": 0.19850917160511017,
    "intensity_sd": 0.04996734485030174
}