{
    "total_duration": 61.199,
    "total_words": 117,
    "unique_words_count": 75,
    "average_chunk_length_in_words": 4.5,
    "articulation_rate": 2.8781579788935088,
    "mean_deviation_of_chunks_in_words": 2.6153846153846154,
    "duration_of_silences_per_word": 0.12235897435897441,
    "mean_of_silence_duration": 0.5726400000000003,
    "mean_duration_of_long_pauses": 1.0496000000000003,
    "frequency_of_longer_pauses_divided_by_number_of_words": 0.08547008547008547,
    "types_divided_by_uttsegdur": 1.225510220755241,
    "mean_length_of_filled_pauses": 0.35999999999999943,
    "frequency_of_filled_pauses": 0.01634013627673655,
    "f1_mean": 454.23546672084626,
    "f2_mean": 1705.8262397258798,
    "f3_mean": 2711.8756249313624,
    "f4_mean": 3832.620977634112,
    "f1_median": 404.45029617113073,
    "f2_median": 1713.1853581919065,
    "f3_median": 2767.7614184586937,
    "f4_median": 3918.465988077851,
    "duration": 63.91,
    "meanF0": 189.78790246278882,
    "stdevF0": 27.17029431169663,
    "hnr": 22.489250783201243,
    "local_jitter": 0.013983908508237386,
    "local_absolute_jitter": 7.338604360349728e-05,
    "rap_jitter": 0.0067683142611649205,
    "ppq5_jitter": 0.006320789047607538,
    "ddp_jitter": 0.02030494278349476,
    "local_shimmer": 0.043299586717785714,
    "localdb_shimmer": 0.4822149765052603,
    "apq3_shimmer": 0.012283690345018297,
    "apq5_shimmer": 0.016709977796760367,
    "apq11_shimmer": 0.03515283905452893,
    "dda_shimmer": 0.03685107103505489,
    "mean_spectral_energy": 3.439997434616089,
    "intensity_mean": 0.04998258873820305,
    "intensity_min": 0.00012223033991176635,
    "intensity_max": 0.264597624540329,
    "intensity_range": 0.26447540521621704,
    "intensity_sd": 0.04455644637346268
}