{
    "total_duration": 27.368,
    "total_words": 49,
    "unique_words_count": 38,
    "average_chunk_length_in_words": 2.45,
    "articulation_rate": 2.993097550546698,
    "mean_deviation_of_chunks_in_words": 1.44,
    "duration_of_silences_per_word": 0.2230204081632653,
    "mean_of_silence_duration": 0.5751578947368421,
    "mean_duration_of_long_pauses": 0.9584444444444448,
    "frequency_of_longer_pauses_divided_by_number_of_words": 0.1836734693877551,
    "types_divided_by_uttsegdur": 1.3884828997369192,
    "mean_length_of_filled_pauses": 0.2999999999999998,
    "frequency_of_filled_pauses": 0.03653902367728735,
    "f1_mean": 510.5440593494583,
    "f2_mean": 1630.5472320325164,
    "f3_mean": 2772.661094524759,
    "f4_mean": 3944.507252625985,
    "f1_median": 466.60730868768263,
    "f2_median": 1567.5907634328803,
    "f3_median": 2812.749546687481,
    "f4_median": 4012.079558540592,
    "duration": 31.980375,
    "meanF0": 188.43586804387968,
    "stdevF0": 32.00994147165917,
    "hnr": 20.87819941271444,
    "local_jitter": 0.015025565052856758,
    "local_absolute_jitter": 7.966186928044729e-05,
    "rap_jitter": 0.007571241318907828,
    "ppq5_jitter": 0.006603868520893148,
    "ddp_jitter": 0.022713723956723483,
    "local_shimmer": 0.041705774377346065,
    "localdb_shimmer": 0.4876854181459108,
    "apq3_shimmer": 0.014459098981514353,
    "apq5_shimmer": 0.017164351896229856,
    "apq11_shimmer": 0.03182426756443836,
    "dda_shimmer": 0.04337729694454306,
    "mean_spectral_energy": 4.27478551864624,
    "intensity_mean": 0.05228348821401596,
    "intensity_min": 0.00013372268585953861,
    "intensity_max": 0.19547051191329956,
    "intensity_range": 0.19533678889274597,
    "intensity_sd": 0.053271595388650894
}