{
    "total_duration": 42.727,
    "total_words": 82,
    "unique_words_count": 49,
    "average_chunk_length_in_words": 2.9285714285714284,
    "articulation_rate": 3.294892915980231,
    "mean_deviation_of_chunks_in_words": 1.6428571428571428,
    "duration_of_silences_per_word": 0.2159878048780488,
    "mean_of_silence_duration": 0.6559629629629631,
    "mean_duration_of_long_pauses": 1.1100769230769234,
    "frequency_of_longer_pauses_divided_by_number_of_words": 0.15853658536585366,
    "types_divided_by_uttsegdur": 1.1468158307393452,
    "mean_length_of_filled_pauses": 0.3514285714285714,
    "frequency_of_filled_pauses": 0.1638308329627636,
    "f1_mean": 491.75497722823974,
    "f2_mean": 1804.600397195016,
    "f3_mean": 2771.027541953682,
    "f4_mean": 3833.014833807555,
    "f1_median": 453.1015095519442,
    "f2_median": 1858.6259530465986,
    "f3_median": 2851.6415889221253,
    "f4_median": 3901.105764083103,
    "duration": 45.67,
    "meanF0": 194.53983072773198,
    "stdevF0": 25.628621055172285,
    "hnr": 22.117852473115715,
    "local_jitter": 0.011380661137649187,
    "local_absolute_jitter": 5.849470347335556e-05,
    "rap_jitter": 0.005128760677043997,
    "ppq5_jitter": 0.004926819339367953,
    "ddp_jitter": 0.01538628203113199,
    "local_shimmer": 0.0394591566960794,
    "localdb_shimmer": 0.45874756095646996,
    "apq3_shimmer": 0.010824685228047035,
    "apq5_shimmer": 0.015183986176199659,
    "apq11_shimmer": 0.03169523482756568,
    "dda_shimmer": 0.03247405568414111,
    "mean_spectral_energy": 2.8649330139160156,
    "intensity_mean": 0.044794321060180664,
    "intensity_min": 0.00011048059241147712,
    "intensity_max": 0.24146181344985962,
    "intensity_range": 0.24135133624076843,
    "intensity_sd": 0.04156309366226196
}