{
    "total_duration": 39.65,
    "total_words": 48,
    "unique_words_count": 32,
    "average_chunk_length_in_words": 1.8461538461538463,
    "articulation_rate": 3.1842908318959786,
    "mean_deviation_of_chunks_in_words": 0.9763313609467457,
    "duration_of_silences_per_word": 0.5097291666666665,
    "mean_of_silence_duration": 0.9786799999999997,
    "mean_duration_of_long_pauses": 1.7454166666666664,
    "frequency_of_longer_pauses_divided_by_number_of_words": 0.25,
    "types_divided_by_uttsegdur": 0.807061790668348,
    "mean_length_of_filled_pauses": 0.52909090909091,
    "frequency_of_filled_pauses": 0.27742749054224464,
    "f1_mean": 399.9153448124088,
    "f2_mean": 1659.001279420693,
    "f3_mean": 2572.4876874283045,
    "f4_mean": 3649.658755956864,
    "f1_median": 337.72106761466335,
    "f2_median": 1603.0521906553086,
    "f3_median": 2541.4544400430086,
    "f4_median": 3681.5516630496713,
    "duration": 48.338875,
    "meanF0": 121.8437563833975,
    "stdevF0": 16.75913134417118,
    "hnr": 18.019254211202238,
    "local_jitter": 0.024322183271177373,
    "local_absolute_jitter": 0.00019995814283405732,
    "rap_jitter": 0.010463059716552732,
    "ppq5_jitter": 0.010194238613771344,
    "ddp_jitter": 0.0313891791496582,
    "local_shimmer": 0.0625030596318605,
    "localdb_shimmer": 0.6275532061687412,
    "apq3_shimmer": 0.019397859178298397,
    "apq5_shimmer": 0.025725522733422875,
    "apq11_shimmer": 0.046513480264524815,
    "dda_shimmer": 0.058193577534895194,
    "mean_spectral_energy": 2.923234701156616,
    "intensity_mean": 0.038621168583631516,
    "intensity_min": 0.0001254789822269231,
    "intensity_max": 0.27599552273750305,
    "intensity_range": 0.27587005496025085,
    "intensity_sd": 0.048149894922971725
}