{
    "total_duration": 21.637,
    "total_words": 35,
    "unique_words_count": 20,
    "average_chunk_length_in_words": 2.6923076923076925,
    "articulation_rate": 3.000685871056243,
    "mean_deviation_of_chunks_in_words": 1.5147928994082838,
    "duration_of_silences_per_word": 0.26354285714285736,
    "mean_of_silence_duration": 0.7686666666666673,
    "mean_duration_of_long_pauses": 1.1575714285714283,
    "frequency_of_longer_pauses_divided_by_number_of_words": 0.2,
    "types_divided_by_uttsegdur": 0.9243425613532374,
    "mean_length_of_filled_pauses": 0.5099999999999998,
    "frequency_of_filled_pauses": 0.09243425613532374,
    "f1_mean": 486.4398128813687,
    "f2_mean": 1703.3613384374783,
    "f3_mean": 2680.87224709222,
    "f4_mean": 3735.041154795541,
    "f1_median": 395.4070812968925,
    "f2_median": 1608.916944959025,
    "f3_median": 2625.6754547256446,
    "f4_median": 3736.9804159267355,
    "duration": 31.279875,
    "meanF0": 129.57096155952468,
    "stdevF0": 18.482817627816136,
    "hnr": 15.066391123681424,
    "local_jitter": 0.029303348124128145,
    "local_absolute_jitter": 0.00022619673481554778,
    "rap_jitter": 0.013634518291018298,
    "ppq5_jitter": 0.011821692997927428,
    "ddp_jitter": 0.040903554873054894,
    "local_shimmer": 0.08156655435714415,
    "localdb_shimmer": 0.7900198059214967,
    "apq3_shimmer": 0.029541900306055708,
    "apq5_shimmer": 0.031306582013885524,
    "apq11_shimmer": 0.054883630403917416,
    "dda_shimmer": 0.08862570091816713,
    "mean_spectral_energy": 1.8104932308197021,
    "intensity_mean": 0.030619708821177483,
    "intensity_min": 0.00013286509783938527,
    "intensity_max": 0.16339927911758423,
    "intensity_range": 0.16326642036437988,
    "intensity_sd": 0.03771119937300682
}