{
    "total_duration": 25.651,
    "total_words": 52,
    "unique_words_count": 30,
    "average_chunk_length_in_words": 2.3636363636363638,
    "articulation_rate": 3.335043612108773,
    "mean_deviation_of_chunks_in_words": 1.0661157024793388,
    "duration_of_silences_per_word": 0.19211538461538455,
    "mean_of_silence_duration": 0.47571428571428553,
    "mean_duration_of_long_pauses": 0.8722857142857144,
    "frequency_of_longer_pauses_divided_by_number_of_words": 0.1346153846153846,
    "types_divided_by_uttsegdur": 1.1695450469767261,
    "mean_length_of_filled_pauses": 0.2699999999999998,
    "frequency_of_filled_pauses": 0.07796966979844841,
    "f1_mean": 427.7805203451209,
    "f2_mean": 1567.402710417237,
    "f3_mean": 2602.573251788626,
    "f4_mean": 3539.1223257678857,
    "f1_median": 369.06329613287784,
    "f2_median": 1506.2949568157585,
    "f3_median": 2561.544995545768,
    "f4_median": 3532.879286969276,
    "duration": 31.83,
    "meanF0": 129.44518773154334,
    "stdevF0": 17.49691281889007,
    "hnr": 16.20778455616674,
    "local_jitter": 0.02862380837377763,
    "local_absolute_jitter": 0.00022114017881215246,
    "rap_jitter": 0.012975308812153828,
    "ppq5_jitter": 0.012534467517001479,
    "ddp_jitter": 0.038925926436461485,
    "local_shimmer": 0.07686682509024026,
    "localdb_shimmer": 0.7626574962268563,
    "apq3_shimmer": 0.02964403178764902,
    "apq5_shimmer": 0.03198664126173622,
    "apq11_shimmer": 0.05486166178048644,
    "dda_shimmer": 0.08893209536294706,
    "mean_spectral_energy": 3.201202869415283,
    "intensity_mean": 0.04260297119617462,
    "intensity_min": 0.00011860088852699846,
    "intensity_max": 0.22738264501094818,
    "intensity_range": 0.22726404666900635,
    "intensity_sd": 0.048551928251981735
}