{
    "total_duration": 56.711,
    "total_words": 72,
    "unique_words_count": 48,
    "average_chunk_length_in_words": 2.4,
    "articulation_rate": 2.566204512242934,
    "mean_deviation_of_chunks_in_words": 1.4133333333333333,
    "duration_of_silences_per_word": 0.3972916666666666,
    "mean_of_silence_duration": 0.9863793103448275,
    "mean_duration_of_long_pauses": 1.6376000000000004,
    "frequency_of_longer_pauses_divided_by_number_of_words": 0.20833333333333334,
    "types_divided_by_uttsegdur": 0.8463966426266509,
    "mean_length_of_filled_pauses": 0.6299999999999996,
    "frequency_of_filled_pauses": 0.12343284371638659,
    "f1_mean": 435.46214227705417,
    "f2_mean": 1681.788659640268,
    "f3_mean": 2600.438626253595,
    "f4_mean": 3672.407845031166,
    "f1_median": 380.2924176307731,
    "f2_median": 1645.527723108234,
    "f3_median": 2595.8633032264606,
    "f4_median": 3751.570666385733,
    "duration": 63.3,
    "meanF0": 125.43735496146675,
    "stdevF0": 16.98448680816439,
    "hnr": 16.801316502334288,
    "local_jitter": 0.024652741485150943,
    "local_absolute_jitter": 0.000196652933893397,
    "rap_jitter": 0.010526741985048733,
    "ppq5_jitter": 0.010396161987508758,
    "ddp_jitter": 0.0315802259551462,
    "local_shimmer": 0.06330571125603887,
    "localdb_shimmer": 0.6420852895099362,
    "apq3_shimmer": 0.019222138373217477,
    "apq5_shimmer": 0.026754253863640085,
    "apq11_shimmer": 0.051999683457827926,
    "dda_shimmer": 0.05766641511965243,
    "mean_spectral_energy": 5.815121173858643,
    "intensity_mean": 0.05544505640864372,
    "intensity_min": 0.00011133956286357716,
    "intensity_max": 0.26247045397758484,
    "intensity_range": 0.2623591125011444,
    "intensity_sd": 0.06711944937705994
}