{
    "total_duration": 43.313,
    "total_words": 81,
    "unique_words_count": 53,
    "average_chunk_length_in_words": 2.3823529411764706,
    "articulation_rate": 2.8407098267517714,
    "mean_deviation_of_chunks_in_words": 1.5761245674740485,
    "duration_of_silences_per_word": 0.17814814814814822,
    "mean_of_silence_duration": 0.4372727272727274,
    "mean_duration_of_long_pauses": 0.7311818181818183,
    "frequency_of_longer_pauses_divided_by_number_of_words": 0.13580246913580246,
    "types_divided_by_uttsegdur": 1.2236510978228246,
    "mean_length_of_filled_pauses": 0.34333333333333255,
    "frequency_of_filled_pauses": 0.2077898090642532,
    "f1_mean": 540.508131745654,
    "f2_mean": 1611.513431319954,
    "f3_mean": 2747.837773010016,
    "f4_mean": 3573.5812005810676,
    "f1_median": 524.5686271558441,
    "f2_median": 1530.409025255349,
    "f3_median": 2878.3320128000078,
    "f4_median": 3609.405557948126,
    "duration": 46.73,
    "meanF0": 179.7740883829657,
    "stdevF0": 31.76939290803352,
    "hnr": 15.97151069559798,
    "local_jitter": 0.01538608140101562,
    "local_absolute_jitter": 8.557745007573513e-05,
    "rap_jitter": 0.0051104449010126625,
    "ppq5_jitter": 0.006252338179539225,
    "ddp_jitter": 0.015331334703037987,
    "local_shimmer": 0.06436729358143417,
    "localdb_shimmer": 0.6206504116524559,
    "apq3_shimmer": 0.019416719990689182,
    "apq5_shimmer": 0.029837883956985344,
    "apq11_shimmer": 0.05882927272894047,
    "dda_shimmer": 0.05825015997206755,
    "mean_spectral_energy": 1.9738590717315674,
    "intensity_mean": 0.03961285576224327,
    "intensity_min": 0.00012174958101240918,
    "intensity_max": 0.17418909072875977,
    "intensity_range": 0.17406734824180603,
    "intensity_sd": 0.03167743235826492
}