{
    "total_duration": 57.209,
    "total_words": 78,
    "unique_words_count": 49,
    "average_chunk_length_in_words": 2.3636363636363638,
    "articulation_rate": 2.734155916993829,
    "mean_deviation_of_chunks_in_words": 1.3333333333333337,
    "duration_of_silences_per_word": 0.35091025641025625,
    "mean_of_silence_duration": 0.8553437499999996,
    "mean_duration_of_long_pauses": 1.272666666666666,
    "frequency_of_longer_pauses_divided_by_number_of_words": 0.23076923076923078,
    "types_divided_by_uttsegdur": 0.8565085913055638,
    "mean_length_of_filled_pauses": 0.5756249999999998,
    "frequency_of_filled_pauses": 0.27967627471202083,
    "f1_mean": 492.3666816362894,
    "f2_mean": 1609.408082693278,
    "f3_mean": 2875.4828170598425,
    "f4_mean": 3677.001060360874,
    "f1_median": 457.9233895416388,
    "f2_median": 1537.308419971106,
    "f3_median": 2975.473454637032,
    "f4_median": 3715.645873723968,
    "duration": 61.26,
    "meanF0": 170.75916947370874,
    "stdevF0": 30.256367804717904,
    "hnr": 17.82270466786203,
    "local_jitter": 0.015191060548922693,
    "local_absolute_jitter": 8.915244939180445e-05,
    "rap_jitter": 0.005714749721315947,
    "ppq5_jitter": 0.006507482000506043,
    "ddp_jitter": 0.01714424916394784,
    "local_shimmer": 0.05708252850101215,
    "localdb_shimmer": 0.564760517555595,
    "apq3_shimmer": 0.016396018175534603,
    "apq5_shimmer": 0.02387648810362396,
    "apq11_shimmer": 0.04485969741032168,
    "dda_shimmer": 0.04918805452660381,
    "mean_spectral_energy": 2.253265857696533,
    "intensity_mean": 0.03864245489239693,
    "intensity_min": 0.00017959361139219254,
    "intensity_max": 0.19958649575710297,
    "intensity_range": 0.19940690696239471,
    "intensity_sd": 0.03799428045749664
}