{
    "total_duration": 57.38,
    "total_words": 45,
    "unique_words_count": 35,
    "average_chunk_length_in_words": 2.0454545454545454,
    "articulation_rate": 2.143265383882646,
    "mean_deviation_of_chunks_in_words": 1.066115702479339,
    "duration_of_silences_per_word": 0.7896222222222227,
    "mean_of_silence_duration": 1.6920476190476201,
    "mean_duration_of_long_pauses": 2.399500000000001,
    "frequency_of_longer_pauses_divided_by_number_of_words": 0.3111111111111111,
    "types_divided_by_uttsegdur": 0.6099686301847334,
    "mean_length_of_filled_pauses": 0.5475000000000001,
    "frequency_of_filled_pauses": 0.2788428023701638,
    "f1_mean": 530.0272037976415,
    "f2_mean": 1763.6779508942677,
    "f3_mean": 2908.926594244218,
    "f4_mean": 3836.4474046056894,
    "f1_median": 460.8374666018918,
    "f2_median": 1672.5352990736005,
    "f3_median": 2942.570852714726,
    "f4_median": 3815.773736854023,
    "duration": 59.44375,
    "meanF0": 190.47133553406837,
    "stdevF0": 40.34700394590236,
    "hnr": 19.51081953346411,
    "local_jitter": 0.015487024000667789,
    "local_absolute_jitter": 8.137533857058343e-05,
    "rap_jitter": 0.007603369241993979,
    "ppq5_jitter": 0.007527218657325653,
    "ddp_jitter": 0.022810107725981937,
    "local_shimmer": 0.05779465661833352,
    "localdb_shimmer": 0.6346852487186294,
    "apq3_shimmer": 0.022198836999169073,
    "apq5_shimmer": 0.025787062231012407,
    "apq11_shimmer": 0.03900774619483679,
    "dda_shimmer": 0.06659651099750721,
    "mean_spectral_energy": 1.2780529260635376,
    "intensity_mean": 0.025576410815119743,
    "intensity_min": 0.00014890034799464047,
    "intensity_max": 0.15495072305202484,
    "intensity_range": 0.15480181574821472,
    "intensity_sd": 0.03180569037795067
}