{
    "total_duration": 30.583,
    "total_words": 29,
    "unique_words_count": 25,
    "average_chunk_length_in_words": 2.0714285714285716,
    "articulation_rate": 2.510605142411912,
    "mean_deviation_of_chunks_in_words": 0.8163265306122448,
    "duration_of_silences_per_word": 0.6303793103448274,
    "mean_of_silence_duration": 1.406230769230769,
    "mean_duration_of_long_pauses": 1.6146363636363632,
    "frequency_of_longer_pauses_divided_by_number_of_words": 0.3793103448275862,
    "types_divided_by_uttsegdur": 0.817447601608737,
    "mean_length_of_filled_pauses": 0.5618181818181817,
    "frequency_of_filled_pauses": 0.3596769447078442,
    "f1_mean": 564.4166746422295,
    "f2_mean": 1858.4992615882522,
    "f3_mean": 2940.477856192447,
    "f4_mean": 3836.187465450912,
    "f1_median": 521.9059905017928,
    "f2_median": 1810.8427962395458,
    "f3_median": 2963.2519748873647,
    "f4_median": 3846.676394103799,
    "duration": 31.206625,
    "meanF0": 190.7181706149676,
    "stdevF0": 35.47326141485009,
    "hnr": 18.2779128932377,
    "local_jitter": 0.013871061019810636,
    "local_absolute_jitter": 7.251540581607156e-05,
    "rap_jitter": 0.006384386657562251,
    "ppq5_jitter": 0.006724650906390041,
    "ddp_jitter": 0.019153159972686754,
    "local_shimmer": 0.048175051126144,
    "localdb_shimmer": 0.5200467417469973,
    "apq3_shimmer": 0.01712344343777908,
    "apq5_shimmer": 0.020602853176622294,
    "apq11_shimmer": 0.03424256559510323,
    "dda_shimmer": 0.05137033031333724,
    "mean_spectral_energy": 4.68695068359375,
    "intensity_mean": 0.05510779842734337,
    "intensity_min": 0.00019051090930588543,
    "intensity_max": 0.23357805609703064,
    "intensity_range": 0.2333875447511673,
    "intensity_sd": 0.05542463809251785
}