{
    "total_duration": 45.836,
    "total_words": 59,
    "unique_words_count": 43,
    "average_chunk_length_in_words": 2.269230769230769,
    "articulation_rate": 2.4945036360561477,
    "mean_deviation_of_chunks_in_words": 1.2544378698224854,
    "duration_of_silences_per_word": 0.3687288135593221,
    "mean_of_silence_duration": 0.8702000000000001,
    "mean_duration_of_long_pauses": 1.2581333333333333,
    "frequency_of_longer_pauses_divided_by_number_of_words": 0.2542372881355932,
    "types_divided_by_uttsegdur": 0.9381272362335282,
    "mean_length_of_filled_pauses": 0.5833333333333333,
    "frequency_of_filled_pauses": 0.19635221223492452,
    "f1_mean": 538.980924606247,
    "f2_mean": 1861.162314437931,
    "f3_mean": 2957.270947309733,
    "f4_mean": 3868.1393070534314,
    "f1_median": 512.1919965249526,
    "f2_median": 1780.1320958796855,
    "f3_median": 3026.7239067491205,
    "f4_median": 3868.533803801332,
    "duration": 55.76,
    "meanF0": 191.71665613547222,
    "stdevF0": 38.538274528623134,
    "hnr": 20.417704068759782,
    "local_jitter": 0.014080028597712489,
    "local_absolute_jitter": 7.354953725952246e-05,
    "rap_jitter": 0.006610767279371994,
    "ppq5_jitter": 0.006605988113872816,
    "ddp_jitter": 0.019832301838115983,
    "local_shimmer": 0.051219361070428064,
    "localdb_shimmer": 0.5519314074943688,
    "apq3_shimmer": 0.018619363981314273,
    "apq5_shimmer": 0.023679388574422637,
    "apq11_shimmer": 0.039090601113128266,
    "dda_shimmer": 0.05585809194394282,
    "mean_spectral_energy": 2.5987532138824463,
    "intensity_mean": 0.04041731730103493,
    "intensity_min": 0.00019506672106217593,
    "intensity_max": 0.2115737497806549,
    "intensity_range": 0.21137867867946625,
    "intensity_sd": 0.04187489673495293
}