{
    "total_duration": 30.009,
    "total_words": 57,
    "unique_words_count": 38,
    "average_chunk_length_in_words": 3.1666666666666665,
    "articulation_rate": 4.251193317422435,
    "mean_deviation_of_chunks_in_words": 1.4259259259259256,
    "duration_of_silences_per_word": 0.2749298245614036,
    "mean_of_silence_duration": 0.9218235294117649,
    "mean_duration_of_long_pauses": 1.3449000000000002,
    "frequency_of_longer_pauses_divided_by_number_of_words": 0.17543859649122806,
    "types_divided_by_uttsegdur": 1.266286780632477,
    "mean_length_of_filled_pauses": 0.4757142857142858,
    "frequency_of_filled_pauses": 0.2332633543270352,
    "f1_mean": 580.8943545157812,
    "f2_mean": 1743.3047048126073,
    "f3_mean": 2957.6540330033636,
    "f4_mean": 3891.266289059649,
    "f1_median": 544.4872997326038,
    "f2_median": 1699.4565157028164,
    "f3_median": 3010.3228831441347,
    "f4_median": 3936.5101131412616,
    "duration": 42.6075,
    "meanF0": 191.24260353567234,
    "stdevF0": 41.17206487993691,
    "hnr": 19.29117988293645,
    "local_jitter": 0.015537011694327748,
    "local_absolute_jitter": 8.117456468961658e-05,
    "rap_jitter": 0.007028866475109638,
    "ppq5_jitter": 0.006649725893320418,
    "ddp_jitter": 0.021086599425328915,
    "local_shimmer": 0.04426680144985482,
    "localdb_shimmer": 0.4920021067006368,
    "apq3_shimmer": 0.016148678974262413,
    "apq5_shimmer": 0.01887287841859568,
    "apq11_shimmer": 0.029034857272448915,
    "dda_shimmer": 0.04844603692278724,
    "mean_spectral_energy": 5.589087009429932,
    "intensity_mean": 0.05845030024647713,
    "intensity_min": 0.00017036164354067296,
    "intensity_max": 0.2532385587692261,
    "intensity_range": 0.253068208694458,
    "intensity_sd": 0.06219423934817314
}