{
    "total_duration": 12.954,
    "total_words": 14,
    "unique_words_count": 13,
    "average_chunk_length_in_words": 1.75,
    "articulation_rate": 2.7116017819097413,
    "mean_deviation_of_chunks_in_words": 0.75,
    "duration_of_silences_per_word": 0.46442857142857136,
    "mean_of_silence_duration": 0.9288571428571427,
    "mean_duration_of_long_pauses": 1.2204,
    "frequency_of_longer_pauses_divided_by_number_of_words": 0.35714285714285715,
    "types_divided_by_uttsegdur": 1.0035510267098966,
    "mean_length_of_filled_pauses": 0.47000000000000036,
    "frequency_of_filled_pauses": 0.2315886984715146,
    "f1_mean": 422.84746314061954,
    "f2_mean": 1720.8525321785849,
    "f3_mean": 2847.5311496112918,
    "f4_mean": 3759.143479719663,
    "f1_median": 316.65442616068583,
    "f2_median": 1650.0572996790693,
    "f3_median": 2845.936944056242,
    "f4_median": 3808.7351673964586,
    "duration": 16.134125,
    "meanF0": 201.94817783229712,
    "stdevF0": 30.189503951872172,
    "hnr": 21.285830579287047,
    "local_jitter": 0.014769272142145963,
    "local_absolute_jitter": 7.311939878522513e-05,
    "rap_jitter": 0.0073679752612634845,
    "ppq5_jitter": 0.007531121606162041,
    "ddp_jitter": 0.022103925783790453,
    "local_shimmer": 0.054551956713805416,
    "localdb_shimmer": 0.5810139795915991,
    "apq3_shimmer": 0.02213996189793969,
    "apq5_shimmer": 0.023269109390039903,
    "apq11_shimmer": 0.035874241980899904,
    "dda_shimmer": 0.06641988569381907,
    "mean_spectral_energy": 3.3052937984466553,
    "intensity_mean": 0.0431789830327034,
    "intensity_min": 0.00027189869433641434,
    "intensity_max": 0.27750974893569946,
    "intensity_range": 0.2772378623485565,
    "intensity_sd": 0.04943222180008888
}