{
    "total_duration": 56.988,
    "total_words": 100,
    "unique_words_count": 64,
    "average_chunk_length_in_words": 2.7027027027027026,
    "articulation_rate": 2.9070612517805747,
    "mean_deviation_of_chunks_in_words": 1.7005113221329435,
    "duration_of_silences_per_word": 0.22459999999999997,
    "mean_of_silence_duration": 0.6238888888888888,
    "mean_duration_of_long_pauses": 0.9674999999999994,
    "frequency_of_longer_pauses_divided_by_number_of_words": 0.18,
    "types_divided_by_uttsegdur": 1.1230434477433846,
    "mean_length_of_filled_pauses": 0.4390909090909101,
    "frequency_of_filled_pauses": 0.19302309258089423,
    "f1_mean": 450.53733402594276,
    "f2_mean": 1510.8264401743725,
    "f3_mean": 2519.8305581430195,
    "f4_mean": 3548.8467927117067,
    "f1_median": 439.24144672946164,
    "f2_median": 1440.8609938544853,
    "f3_median": 2488.148849974791,
    "f4_median": 3538.9987069527515,
    "duration": 60.34,
    "meanF0": 124.01246646179058,
    "stdevF0": 20.01078462996748,
    "hnr": 13.620953246053864,
    "local_jitter": 0.023810724340905483,
    "local_absolute_jitter": 0.00019195274436481638,
    "rap_jitter": 0.009049847977613807,
    "ppq5_jitter": 0.01027024096119237,
    "ddp_jitter": 0.02714954393284142,
    "local_shimmer": 0.07258692531772386,
    "localdb_shimmer": 0.7415259392788408,
    "apq3_shimmer": 0.02189527275155802,
    "apq5_shimmer": 0.03559047025746288,
    "apq11_shimmer": 0.0706204951993729,
    "dda_shimmer": 0.06568581825467407,
    "mean_spectral_energy": 4.810810565948486,
    "intensity_mean": 0.059102531522512436,
    "intensity_min": 0.00010233934153802693,
    "intensity_max": 0.2941211462020874,
    "intensity_range": 0.29401880502700806,
    "intensity_sd": 0.052698079496622086
}