{
    "total_duration": 25.384,
    "total_words": 57,
    "unique_words_count": 38,
    "average_chunk_length_in_words": 3.1666666666666665,
    "articulation_rate": 3.6280313156387254,
    "mean_deviation_of_chunks_in_words": 2.3148148148148144,
    "duration_of_silences_per_word": 0.16147368421052638,
    "mean_of_silence_duration": 0.5414117647058826,
    "mean_duration_of_long_pauses": 0.9461428571428573,
    "frequency_of_longer_pauses_divided_by_number_of_words": 0.12280701754385964,
    "types_divided_by_uttsegdur": 1.4970059880239521,
    "mean_length_of_filled_pauses": 0.33000000000000007,
    "frequency_of_filled_pauses": 0.03939489442168295,
    "f1_mean": 448.63306471095456,
    "f2_mean": 1456.0438284140166,
    "f3_mean": 2464.8032819915898,
    "f4_mean": 3510.317958442553,
    "f1_median": 440.3179269663393,
    "f2_median": 1358.6536772190561,
    "f3_median": 2425.4905507819253,
    "f4_median": 3503.6380540103555,
    "duration": 31.21,
    "meanF0": 119.6289114645381,
    "stdevF0": 17.432197360431584,
    "hnr": 13.51150652204007,
    "local_jitter": 0.025986714210777105,
    "local_absolute_jitter": 0.00021696041840831443,
    "rap_jitter": 0.010389808415537551,
    "ppq5_jitter": 0.011224900315000926,
    "ddp_jitter": 0.031169425246612655,
    "local_shimmer": 0.06721954745572638,
    "localdb_shimmer": 0.6831133546421091,
    "apq3_shimmer": 0.020208247711189783,
    "apq5_shimmer": 0.03356665190194306,
    "apq11_shimmer": 0.0720475992936828,
    "dda_shimmer": 0.060624743133569345,
    "mean_spectral_energy": 2.6383578777313232,
    "intensity_mean": 0.03966468945145607,
    "intensity_min": 7.543789979536086e-05,
    "intensity_max": 0.1992456167936325,
    "intensity_range": 0.19917017221450806,
    "intensity_sd": 0.043190471827983856
}