{
    "total_duration": 56.104,
    "total_words": 85,
    "unique_words_count": 57,
    "average_chunk_length_in_words": 2.4285714285714284,
    "articulation_rate": 2.8028754204313135,
    "mean_deviation_of_chunks_in_words": 1.4612244897959186,
    "duration_of_silences_per_word": 0.30175294117647067,
    "mean_of_silence_duration": 0.7543823529411767,
    "mean_duration_of_long_pauses": 1.07025,
    "frequency_of_longer_pauses_divided_by_number_of_words": 0.23529411764705882,
    "types_divided_by_uttsegdur": 1.0159703407956653,
    "mean_length_of_filled_pauses": 0.5836363636363628,
    "frequency_of_filled_pauses": 0.1960644517324968,
    "f1_mean": 446.7186535903313,
    "f2_mean": 1495.2274563055212,
    "f3_mean": 2544.0706149062257,
    "f4_mean": 3568.9316478695814,
    "f1_median": 430.81250541340984,
    "f2_median": 1407.7453609806282,
    "f3_median": 2524.265935239994,
    "f4_median": 3568.093439824964,
    "duration": 60.71,
    "meanF0": 118.3760845619512,
    "stdevF0": 20.15067482649193,
    "hnr": 14.620298363227679,
    "local_jitter": 0.023286791208725656,
    "local_absolute_jitter": 0.0001974700730606158,
    "rap_jitter": 0.007562633658646074,
    "ppq5_jitter": 0.009660209438502763,
    "ddp_jitter": 0.022687900975938223,
    "local_shimmer": 0.07614579070965845,
    "localdb_shimmer": 0.7523432721155011,
    "apq3_shimmer": 0.021368017367831824,
    "apq5_shimmer": 0.03657381716113742,
    "apq11_shimmer": 0.07634674401898703,
    "dda_shimmer": 0.06410405210349547,
    "mean_spectral_energy": 1.9292879104614258,
    "intensity_mean": 0.036051809787750244,
    "intensity_min": 0.00011777280451497063,
    "intensity_max": 0.24697892367839813,
    "intensity_range": 0.24686114490032196,
    "intensity_sd": 0.03485415130853653
}