{
    "total_duration": 32.191,
    "total_words": 62,
    "unique_words_count": 35,
    "average_chunk_length_in_words": 2.2962962962962963,
    "articulation_rate": 3.3976326172731257,
    "mean_deviation_of_chunks_in_words": 1.0617283950617287,
    "duration_of_silences_per_word": 0.22248387096774197,
    "mean_of_silence_duration": 0.5305384615384616,
    "mean_duration_of_long_pauses": 0.7925000000000001,
    "frequency_of_longer_pauses_divided_by_number_of_words": 0.1935483870967742,
    "types_divided_by_uttsegdur": 1.0872604144015408,
    "mean_length_of_filled_pauses": 0.3675000000000006,
    "frequency_of_filled_pauses": 0.1242583330744618,
    "f1_mean": 461.13760392868227,
    "f2_mean": 1452.1115487413683,
    "f3_mean": 2487.6109274146697,
    "f4_mean": 3494.883544438574,
    "f1_median": 454.7831589846326,
    "f2_median": 1378.1003246165317,
    "f3_median": 2483.217007908777,
    "f4_median": 3484.7027389532363,
    "duration": 35.95,
    "meanF0": 126.04781750803689,
    "stdevF0": 22.407592252435947,
    "hnr": 15.552802054347755,
    "local_jitter": 0.018853714430428544,
    "local_absolute_jitter": 0.0001499928555457775,
    "rap_jitter": 0.0064492029655059116,
    "ppq5_jitter": 0.008417707059949564,
    "ddp_jitter": 0.019347608896517734,
    "local_shimmer": 0.06383329441974674,
    "localdb_shimmer": 0.6274440488235469,
    "apq3_shimmer": 0.02035867685322225,
    "apq5_shimmer": 0.03369990155029933,
    "apq11_shimmer": 0.06109770846783482,
    "dda_shimmer": 0.06107603055966675,
    "mean_spectral_energy": 13.134678840637207,
    "intensity_mean": 0.08816489577293396,
    "intensity_min": 0.0001086793199647218,
    "intensity_max": 0.5613828897476196,
    "intensity_range": 0.5612742304801941,
    "intensity_sd": 0.09667427092790604
}