{
    "total_duration": 39.712,
    "total_words": 74,
    "unique_words_count": 47,
    "average_chunk_length_in_words": 2.96,
    "articulation_rate": 3.3519046971961766,
    "mean_deviation_of_chunks_in_words": 1.5552000000000001,
    "duration_of_silences_per_word": 0.23440540540540544,
    "mean_of_silence_duration": 0.7227500000000001,
    "mean_duration_of_long_pauses": 1.0911538461538461,
    "frequency_of_longer_pauses_divided_by_number_of_words": 0.17567567567567569,
    "types_divided_by_uttsegdur": 1.1835213537469782,
    "mean_length_of_filled_pauses": 0.5999999999999986,
    "frequency_of_filled_pauses": 0.17626913779210313,
    "f1_mean": 389.12008581832214,
    "f2_mean": 1503.2470960064516,
    "f3_mean": 2529.108087121903,
    "f4_mean": 3551.7112158634504,
    "f1_median": 349.35730970109216,
    "f2_median": 1452.4521665569462,
    "f3_median": 2527.284008875959,
    "f4_median": 3566.3621051621676,
    "duration": 49.49,
    "meanF0": 113.32991338651246,
    "stdevF0": 19.88542606434293,
    "hnr": 15.04568683090869,
    "local_jitter": 0.024315426896056026,
    "local_absolute_jitter": 0.00021652052380556015,
    "rap_jitter": 0.008361672653530597,
    "ppq5_jitter": 0.010631397616184346,
    "ddp_jitter": 0.025085017960591788,
    "local_shimmer": 0.07035823693275352,
    "localdb_shimmer": 0.7084426500704548,
    "apq3_shimmer": 0.020748371886996783,
    "apq5_shimmer": 0.03489029803082167,
    "apq11_shimmer": 0.07697784681216836,
    "dda_shimmer": 0.06224511566099035,
    "mean_spectral_energy": 6.678169250488281,
    "intensity_mean": 0.0617559477686882,
    "intensity_min": 9.777624654816464e-05,
    "intensity_max": 0.3153415322303772,
    "intensity_range": 0.31524375081062317,
    "intensity_sd": 0.06993017345666885
}