{
    "total_duration": 56.848,
    "total_words": 103,
    "unique_words_count": 64,
    "average_chunk_length_in_words": 2.2888888888888888,
    "articulation_rate": 3.196276183087666,
    "mean_deviation_of_chunks_in_words": 1.0646913580246917,
    "duration_of_silences_per_word": 0.2381941747572817,
    "mean_of_silence_duration": 0.5575909090909094,
    "mean_duration_of_long_pauses": 0.9266842105263158,
    "frequency_of_longer_pauses_divided_by_number_of_words": 0.18446601941747573,
    "types_divided_by_uttsegdur": 1.125809175344779,
    "mean_length_of_filled_pauses": 0.4135714285714287,
    "frequency_of_filled_pauses": 0.24627075710667043,
    "f1_mean": 443.8619416312629,
    "f2_mean": 1534.6610912367455,
    "f3_mean": 2535.0945008727185,
    "f4_mean": 3556.7748025978926,
    "f1_median": 419.5308480974227,
    "f2_median": 1491.9370772481598,
    "f3_median": 2507.8442451787155,
    "f4_median": 3562.90484770062,
    "duration": 61.53,
    "meanF0": 122.71285202547834,
    "stdevF0": 24.0592800858117,
    "hnr": 13.054118912868542,
    "local_jitter": 0.02723587503249844,
    "local_absolute_jitter": 0.00022309844425411665,
    "rap_jitter": 0.00998349529457925,
    "ppq5_jitter": 0.012547146320545625,
    "ddp_jitter": 0.02995048588373775,
    "local_shimmer": 0.08208798519703016,
    "localdb_shimmer": 0.8265903485127866,
    "apq3_shimmer": 0.02435501982205357,
    "apq5_shimmer": 0.04117764072970158,
    "apq11_shimmer": 0.08817347238670047,
    "dda_shimmer": 0.07306505946616071,
    "mean_spectral_energy": 3.350222110748291,
    "intensity_mean": 0.04889412224292755,
    "intensity_min": 0.0001993666373891756,
    "intensity_max": 0.21578176319599152,
    "intensity_range": 0.21558240056037903,
    "intensity_sd": 0.044450998306274414
}