{
    "total_duration": 56.7,
    "total_words": 106,
    "unique_words_count": 67,
    "average_chunk_length_in_words": 2.864864864864865,
    "articulation_rate": 3.4616766271513004,
    "mean_deviation_of_chunks_in_words": 1.5836376917457997,
    "duration_of_silences_per_word": 0.24084905660377354,
    "mean_of_silence_duration": 0.7091666666666665,
    "mean_duration_of_long_pauses": 0.9649090909090908,
    "frequency_of_longer_pauses_divided_by_number_of_words": 0.20754716981132076,
    "types_divided_by_uttsegdur": 1.181657848324515,
    "mean_length_of_filled_pauses": 0.4482352941176469,
    "frequency_of_filled_pauses": 0.2998236331569665,
    "f1_mean": 472.41910002521706,
    "f2_mean": 1536.9139919920206,
    "f3_mean": 2532.115938072671,
    "f4_mean": 3822.3220109941144,
    "f1_median": 412.2525135114372,
    "f2_median": 1511.797896095235,
    "f3_median": 2563.9907835084978,
    "f4_median": 3928.25199474611,
    "duration": 66.98,
    "meanF0": 192.1608769299787,
    "stdevF0": 23.01238122165283,
    "hnr": 15.053496845321078,
    "local_jitter": 0.018085742915552757,
    "local_absolute_jitter": 9.411128483256905e-05,
    "rap_jitter": 0.007689626045608241,
    "ppq5_jitter": 0.008145779053939083,
    "ddp_jitter": 0.023068878136824723,
    "local_shimmer": 0.0634427454179196,
    "localdb_shimmer": 0.6573869375214538,
    "apq3_shimmer": 0.020089030799160752,
    "apq5_shimmer": 0.02875562324923982,
    "apq11_shimmer": 0.05800551592760574,
    "dda_shimmer": 0.06026709239748226,
    "mean_spectral_energy": 2.083195447921753,
    "intensity_mean": 0.03744182735681534,
    "intensity_min": 0.00015495004481635988,
    "intensity_max": 0.1849597692489624,
    "intensity_range": 0.18480481207370758,
    "intensity_sd": 0.03623881936073303
}