{
    "total_duration": 28.706,
    "total_words": 48,
    "unique_words_count": 21,
    "average_chunk_length_in_words": 2.526315789473684,
    "articulation_rate": 3.2628645231459465,
    "mean_deviation_of_chunks_in_words": 1.1911357340720221,
    "duration_of_silences_per_word": 0.29012500000000013,
    "mean_of_silence_duration": 0.773666666666667,
    "mean_duration_of_long_pauses": 1.0822727272727273,
    "frequency_of_longer_pauses_divided_by_number_of_words": 0.22916666666666666,
    "types_divided_by_uttsegdur": 0.7315543788754965,
    "mean_length_of_filled_pauses": 0.4399999999999998,
    "frequency_of_filled_pauses": 0.1045077684107852,
    "f1_mean": 481.6114093166898,
    "f2_mean": 1573.688332653677,
    "f3_mean": 2507.1622066242785,
    "f4_mean": 3680.7392969524417,
    "f1_median": 433.8008160331138,
    "f2_median": 1550.3979309295717,
    "f3_median": 2586.4276218307195,
    "f4_median": 3885.380001907886,
    "duration": 31.74,
    "meanF0": 207.84366587240132,
    "stdevF0": 29.790403356297944,
    "hnr": 17.095052749427502,
    "local_jitter": 0.011320047803931194,
    "local_absolute_jitter": 5.445594204939025e-05,
    "rap_jitter": 0.004721593561689654,
    "ppq5_jitter": 0.0049913193773336705,
    "ddp_jitter": 0.014164780685068962,
    "local_shimmer": 0.050819275310058955,
    "localdb_shimmer": 0.5220351632098401,
    "apq3_shimmer": 0.015380498342622317,
    "apq5_shimmer": 0.022702958957669356,
    "apq11_shimmer": 0.04781213641894256,
    "dda_shimmer": 0.04614149502786695,
    "mean_spectral_energy": 3.6489145755767822,
    "intensity_mean": 0.045537304133176804,
    "intensity_min": 0.00022551855363417417,
    "intensity_max": 0.2566312253475189,
    "intensity_range": 0.25640571117401123,
    "intensity_sd": 0.051788244396448135
}