{
    "total_duration": 40.605,
    "total_words": 57,
    "unique_words_count": 35,
    "average_chunk_length_in_words": 2.28,
    "articulation_rate": 3.089430894308944,
    "mean_deviation_of_chunks_in_words": 1.5008000000000001,
    "duration_of_silences_per_word": 0.38501754385964915,
    "mean_of_silence_duration": 0.9144166666666668,
    "mean_duration_of_long_pauses": 1.4341538461538457,
    "frequency_of_longer_pauses_divided_by_number_of_words": 0.22807017543859648,
    "types_divided_by_uttsegdur": 0.8619628124615196,
    "mean_length_of_filled_pauses": 0.48272727272727334,
    "frequency_of_filled_pauses": 0.27090259820219187,
    "f1_mean": 456.74328574815024,
    "f2_mean": 1685.099707324699,
    "f3_mean": 2642.3431734174114,
    "f4_mean": 3902.1952140052367,
    "f1_median": 414.00709964024145,
    "f2_median": 1671.351008335869,
    "f3_median": 2638.2224615125015,
    "f4_median": 4017.388350893672,
    "duration": 42.64,
    "meanF0": 201.35550711341733,
    "stdevF0": 27.839761161798947,
    "hnr": 19.141009297850186,
    "local_jitter": 0.012153322716230956,
    "local_absolute_jitter": 6.0344835030317174e-05,
    "rap_jitter": 0.004677129634502611,
    "ppq5_jitter": 0.005346616898840235,
    "ddp_jitter": 0.014031388903507833,
    "local_shimmer": 0.05099955924526635,
    "localdb_shimmer": 0.4808804428322494,
    "apq3_shimmer": 0.014340592513585267,
    "apq5_shimmer": 0.02129734760196463,
    "apq11_shimmer": 0.04378005348642987,
    "dda_shimmer": 0.0430217775407558,
    "mean_spectral_energy": 3.7090747356414795,
    "intensity_mean": 0.048114094883203506,
    "intensity_min": 7.310373621294275e-05,
    "intensity_max": 0.2885627746582031,
    "intensity_range": 0.2884896695613861,
    "intensity_sd": 0.05019237846136093
}