{
    "total_duration": 41.948,
    "total_words": 66,
    "unique_words_count": 44,
    "average_chunk_length_in_words": 2.5384615384615383,
    "articulation_rate": 2.65903871721526,
    "mean_deviation_of_chunks_in_words": 1.3905325443786984,
    "duration_of_silences_per_word": 0.25784848484848466,
    "mean_of_silence_duration": 0.6807199999999994,
    "mean_duration_of_long_pauses": 1.0364615384615374,
    "frequency_of_longer_pauses_divided_by_number_of_words": 0.19696969696969696,
    "types_divided_by_uttsegdur": 1.048917707638028,
    "mean_length_of_filled_pauses": 0.5887499999999993,
    "frequency_of_filled_pauses": 0.19071231047964146,
    "f1_mean": 464.135874352477,
    "f2_mean": 1738.9085025964434,
    "f3_mean": 2612.071846013071,
    "f4_mean": 3890.8462724922233,
    "f1_median": 404.7468998602475,
    "f2_median": 1740.0618051397869,
    "f3_median": 2645.6649465335004,
    "f4_median": 4013.6069679489783,
    "duration": 46.57,
    "meanF0": 203.0353672512295,
    "stdevF0": 26.84347860429139,
    "hnr": 18.481624603345608,
    "local_jitter": 0.01428126932277497,
    "local_absolute_jitter": 7.038443415971158e-05,
    "rap_jitter": 0.006243017853281685,
    "ppq5_jitter": 0.0064772239237559015,
    "ddp_jitter": 0.018729053559845055,
    "local_shimmer": 0.05561064669114068,
    "localdb_shimmer": 0.5654961235087956,
    "apq3_shimmer": 0.01716961660418377,
    "apq5_shimmer": 0.024544032313328804,
    "apq11_shimmer": 0.05198807942662346,
    "dda_shimmer": 0.05150884981255131,
    "mean_spectral_energy": 3.6602091789245605,
    "intensity_mean": 0.050846461206674576,
    "intensity_min": 8.174216782208532e-05,
    "intensity_max": 0.2236931473016739,
    "intensity_range": 0.22361139953136444,
    "intensity_sd": 0.04674600809812546
}