{
    "total_duration": 31.418,
    "total_words": 50,
    "unique_words_count": 33,
    "average_chunk_length_in_words": 2.6315789473684212,
    "articulation_rate": 3.4122705248072047,
    "mean_deviation_of_chunks_in_words": 1.1246537396121883,
    "duration_of_silences_per_word": 0.2790599999999998,
    "mean_of_silence_duration": 0.7751666666666661,
    "mean_duration_of_long_pauses": 1.0292499999999993,
    "frequency_of_longer_pauses_divided_by_number_of_words": 0.24,
    "types_divided_by_uttsegdur": 1.0503533006556751,
    "mean_length_of_filled_pauses": 0.4860000000000003,
    "frequency_of_filled_pauses": 0.3182888789865682,
    "f1_mean": 477.07799361432,
    "f2_mean": 1542.797011406003,
    "f3_mean": 2625.469055479695,
    "f4_mean": 3596.1105535513425,
    "f1_median": 464.3755802140497,
    "f2_median": 1464.3543596373327,
    "f3_median": 2639.1704694040664,
    "f4_median": 3626.296955172506,
    "duration": 37.2,
    "meanF0": 106.80564736115267,
    "stdevF0": 13.125616766878364,
    "hnr": 13.850250347189412,
    "local_jitter": 0.025814204368118005,
    "local_absolute_jitter": 0.0002419574819943306,
    "rap_jitter": 0.010647582213364619,
    "ppq5_jitter": 0.010510859182842497,
    "ddp_jitter": 0.031942746640093854,
    "local_shimmer": 0.06574633309548424,
    "localdb_shimmer": 0.6559395986284737,
    "apq3_shimmer": 0.021955526919940446,
    "apq5_shimmer": 0.031105728169714974,
    "apq11_shimmer": 0.05719778601013921,
    "dda_shimmer": 0.06586658075982134,
    "mean_spectral_energy": 5.334476470947266,
    "intensity_mean": 0.05595608428120613,
    "intensity_min": 8.683172200107947e-05,
    "intensity_max": 0.25919684767723083,
    "intensity_range": 0.2591100037097931,
    "intensity_sd": 0.061819396913051605
}