{
    "total_duration": 44.896,
    "total_words": 71,
    "unique_words_count": 48,
    "average_chunk_length_in_words": 2.088235294117647,
    "articulation_rate": 3.3593565176247955,
    "mean_deviation_of_chunks_in_words": 0.8944636678200699,
    "duration_of_silences_per_word": 0.31311267605633825,
    "mean_of_silence_duration": 0.6736666666666672,
    "mean_duration_of_long_pauses": 1.0048888888888898,
    "frequency_of_longer_pauses_divided_by_number_of_words": 0.2535211267605634,
    "types_divided_by_uttsegdur": 1.0691375623663577,
    "mean_length_of_filled_pauses": 0.4615384615384617,
    "frequency_of_filled_pauses": 0.2895580898075552,
    "f1_mean": 465.5817355658438,
    "f2_mean": 1504.9100770271357,
    "f3_mean": 2597.8387967335584,
    "f4_mean": 3482.806266640658,
    "f1_median": 448.4331809032425,
    "f2_median": 1435.3781542740044,
    "f3_median": 2632.836759833529,
    "f4_median": 3506.665156855929,
    "duration": 48.66,
    "meanF0": 107.573985137679,
    "stdevF0": 13.692215452559294,
    "hnr": 13.360670242154267,
    "local_jitter": 0.02428449215495675,
    "local_absolute_jitter": 0.0002258736873817474,
    "rap_jitter": 0.01053561605905242,
    "ppq5_jitter": 0.01072219510985055,
    "ddp_jitter": 0.03160684817715726,
    "local_shimmer": 0.07441163528921468,
    "localdb_shimmer": 0.7433834165534108,
    "apq3_shimmer": 0.02376702034258086,
    "apq5_shimmer": 0.0340217244597312,
    "apq11_shimmer": 0.06641772828916653,
    "dda_shimmer": 0.07130106102774258,
    "mean_spectral_energy": 3.199634075164795,
    "intensity_mean": 0.04706292226910591,
    "intensity_min": 9.618841431802139e-05,
    "intensity_max": 0.18516002595424652,
    "intensity_range": 0.18506383895874023,
    "intensity_sd": 0.044219229370355606
}