{
    "total_duration": 38.383,
    "total_words": 72,
    "unique_words_count": 50,
    "average_chunk_length_in_words": 2.4827586206896552,
    "articulation_rate": 3.02254313420931,
    "mean_deviation_of_chunks_in_words": 1.4268727705112965,
    "duration_of_silences_per_word": 0.19462499999999994,
    "mean_of_silence_duration": 0.5004642857142855,
    "mean_duration_of_long_pauses": 0.8340833333333331,
    "frequency_of_longer_pauses_divided_by_number_of_words": 0.16666666666666666,
    "types_divided_by_uttsegdur": 1.3026600317849046,
    "mean_length_of_filled_pauses": 0.40249999999999897,
    "frequency_of_filled_pauses": 0.31263840762837714,
    "f1_mean": 384.79082692185,
    "f2_mean": 1590.778985987688,
    "f3_mean": 2414.744536553654,
    "f4_mean": 3411.130384997125,
    "f1_median": 323.2161774101113,
    "f2_median": 1576.102123528075,
    "f3_median": 2364.333945125228,
    "f4_median": 3390.8483868112617,
    "duration": 43.15,
    "meanF0": 104.10125624720959,
    "stdevF0": 17.528517836916063,
    "hnr": 16.168605451957088,
    "local_jitter": 0.020664989656550403,
    "local_absolute_jitter": 0.0001988582698220833,
    "rap_jitter": 0.007277146698063924,
    "ppq5_jitter": 0.009006715605053745,
    "ddp_jitter": 0.021831440094191773,
    "local_shimmer": 0.06963754722653097,
    "localdb_shimmer": 0.6753807936052937,
    "apq3_shimmer": 0.021123211077889486,
    "apq5_shimmer": 0.03262721879475461,
    "apq11_shimmer": 0.06350873397165581,
    "dda_shimmer": 0.06336963323366845,
    "mean_spectral_energy": 9.690142631530762,
    "intensity_mean": 0.08858947455883026,
    "intensity_min": 0.00010309384379070252,
    "intensity_max": 0.36752426624298096,
    "intensity_range": 0.3674211800098419,
    "intensity_sd": 0.06913755089044571
}