{
    "total_duration": 54.926,
    "total_words": 67,
    "unique_words_count": 40,
    "average_chunk_length_in_words": 2.310344827586207,
    "articulation_rate": 1.909539145552484,
    "mean_deviation_of_chunks_in_words": 1.4625445897740783,
    "duration_of_silences_per_word": 0.29507462686567176,
    "mean_of_silence_duration": 0.7060714285714288,
    "mean_duration_of_long_pauses": 1.2206666666666666,
    "frequency_of_longer_pauses_divided_by_number_of_words": 0.1791044776119403,
    "types_divided_by_uttsegdur": 0.7282525579871099,
    "mean_length_of_filled_pauses": 0.9033333333333337,
    "frequency_of_filled_pauses": 0.16385682554709974,
    "f1_mean": 404.8269522246728,
    "f2_mean": 1604.2849286296753,
    "f3_mean": 2435.307725704077,
    "f4_mean": 3386.2253705664757,
    "f1_median": 345.24669272535294,
    "f2_median": 1572.4472288976183,
    "f3_median": 2413.108567916036,
    "f4_median": 3351.723434229042,
    "duration": 57.94,
    "meanF0": 120.73935941378397,
    "stdevF0": 24.531181536092983,
    "hnr": 13.856266071781805,
    "local_jitter": 0.023576246488448124,
    "local_absolute_jitter": 0.0001958991084129898,
    "rap_jitter": 0.008561946530431576,
    "ppq5_jitter": 0.008658027201626395,
    "ddp_jitter": 0.02568583959129473,
    "local_shimmer": 0.07337321426188234,
    "localdb_shimmer": 0.7075976719646531,
    "apq3_shimmer": 0.02156465961355319,
    "apq5_shimmer": 0.03447286486638656,
    "apq11_shimmer": 0.07334996743673888,
    "dda_shimmer": 0.06469397884065957,
    "mean_spectral_energy": 9.961832046508789,
    "intensity_mean": 0.09042546153068542,
    "intensity_min": 0.00010454731818754226,
    "intensity_max": 0.3819902837276459,
    "intensity_range": 0.38188573718070984,
    "intensity_sd": 0.06933018565177917
}