{
    "total_duration": 47.784,
    "total_words": 85,
    "unique_words_count": 54,
    "average_chunk_length_in_words": 2.4285714285714284,
    "articulation_rate": 3.0225446269824356,
    "mean_deviation_of_chunks_in_words": 1.5265306122448983,
    "duration_of_silences_per_word": 0.2305058823529414,
    "mean_of_silence_duration": 0.5762647058823535,
    "mean_duration_of_long_pauses": 0.8514444444444451,
    "frequency_of_longer_pauses_divided_by_number_of_words": 0.21176470588235294,
    "types_divided_by_uttsegdur": 1.1300853842290306,
    "mean_length_of_filled_pauses": 0.43200000000000055,
    "frequency_of_filled_pauses": 0.2092750711535242,
    "f1_mean": 387.1533766380768,
    "f2_mean": 1567.3421972862598,
    "f3_mean": 2391.664138683329,
    "f4_mean": 3395.0345294824833,
    "f1_median": 309.41447271852974,
    "f2_median": 1493.671616094055,
    "f3_median": 2361.3894908931534,
    "f4_median": 3391.75164712868,
    "duration": 47.94,
    "meanF0": 106.9884817640733,
    "stdevF0": 17.387310540111525,
    "hnr": 14.306574320962225,
    "local_jitter": 0.026692938659381167,
    "local_absolute_jitter": 0.0002495492167490963,
    "rap_jitter": 0.011897098887190078,
    "ppq5_jitter": 0.01127581711555385,
    "ddp_jitter": 0.03569129666157023,
    "local_shimmer": 0.08244389458308315,
    "localdb_shimmer": 0.8154539175778154,
    "apq3_shimmer": 0.026145028264731654,
    "apq5_shimmer": 0.0383188293576099,
    "apq11_shimmer": 0.08089974368708162,
    "dda_shimmer": 0.07843508479419496,
    "mean_spectral_energy": 2.5869083404541016,
    "intensity_mean": 0.044718168675899506,
    "intensity_min": 9.716187923913822e-05,
    "intensity_max": 0.2188115417957306,
    "intensity_range": 0.2187143862247467,
    "intensity_sd": 0.037038736045360565
}