{
    "total_duration": 38.148,
    "total_words": 68,
    "unique_words_count": 39,
    "average_chunk_length_in_words": 2.8333333333333335,
    "articulation_rate": 3.0575539568345302,
    "mean_deviation_of_chunks_in_words": 1.638888888888889,
    "duration_of_silences_per_word": 0.22467647058823512,
    "mean_of_silence_duration": 0.6642608695652169,
    "mean_duration_of_long_pauses": 1.2838749999999992,
    "frequency_of_longer_pauses_divided_by_number_of_words": 0.11764705882352941,
    "types_divided_by_uttsegdur": 1.0223340673167662,
    "mean_length_of_filled_pauses": 0.6224999999999996,
    "frequency_of_filled_pauses": 0.20970955227010588,
    "f1_mean": 456.0443730311575,
    "f2_mean": 1482.3999678890325,
    "f3_mean": 2321.1767083055456,
    "f4_mean": 3416.065550935282,
    "f1_median": 401.4452954820606,
    "f2_median": 1485.6176085726017,
    "f3_median": 2257.952570252872,
    "f4_median": 3424.9588776608057,
    "duration": 41.86,
    "meanF0": 113.01900177910176,
    "stdevF0": 17.850486286473878,
    "hnr": 15.445088495102018,
    "local_jitter": 0.021074121027632932,
    "local_absolute_jitter": 0.00018717704927556853,
    "rap_jitter": 0.0069505903190359266,
    "ppq5_jitter": 0.00965295968154072,
    "ddp_jitter": 0.02085177095710778,
    "local_shimmer": 0.0821382997155273,
    "localdb_shimmer": 0.7923453772749655,
    "apq3_shimmer": 0.02410651354515335,
    "apq5_shimmer": 0.03951515906005899,
    "apq11_shimmer": 0.07613175872556918,
    "dda_shimmer": 0.07231954063546005,
    "mean_spectral_energy": 3.19213604927063,
    "intensity_mean": 0.0454903244972229,
    "intensity_min": 0.00017622254381421953,
    "intensity_max": 0.29759150743484497,
    "intensity_range": 0.29741528630256653,
    "intensity_sd": 0.045713867992162704
}