{
    "total_duration": 28.898,
    "total_words": 29,
    "unique_words_count": 22,
    "average_chunk_length_in_words": 3.2222222222222223,
    "articulation_rate": 2.389387822361374,
    "mean_deviation_of_chunks_in_words": 1.1358024691358024,
    "duration_of_silences_per_word": 0.5776551724137929,
    "mean_of_silence_duration": 2.0939999999999994,
    "mean_duration_of_long_pauses": 3.933,
    "frequency_of_longer_pauses_divided_by_number_of_words": 0.13793103448275862,
    "types_divided_by_uttsegdur": 0.7612983597480795,
    "mean_length_of_filled_pauses": 0.6600000000000003,
    "frequency_of_filled_pauses": 0.2768357671811198,
    "f1_mean": 426.63559308214485,
    "f2_mean": 1396.0956263340374,
    "f3_mean": 2320.215916055592,
    "f4_mean": 3441.0873653679137,
    "f1_median": 416.82116421579576,
    "f2_median": 1400.1765625887267,
    "f3_median": 2263.431781754624,
    "f4_median": 3475.976745296931,
    "duration": 36.420625,
    "meanF0": 117.55809353841158,
    "stdevF0": 24.306800605172473,
    "hnr": 16.966826510112824,
    "local_jitter": 0.01964490506292122,
    "local_absolute_jitter": 0.00016820605985579752,
    "rap_jitter": 0.006162475402773702,
    "ppq5_jitter": 0.00796683362150821,
    "ddp_jitter": 0.018487426208321105,
    "local_shimmer": 0.0661902997682012,
    "localdb_shimmer": 0.6144860856949111,
    "apq3_shimmer": 0.01792108129336575,
    "apq5_shimmer": 0.03128623097016394,
    "apq11_shimmer": 0.06266493810962472,
    "dda_shimmer": 0.05376324388009725,
    "mean_spectral_energy": 2.197364091873169,
    "intensity_mean": 0.03297879546880722,
    "intensity_min": 0.00012777808296959847,
    "intensity_max": 0.1834837645292282,
    "intensity_range": 0.18335598707199097,
    "intensity_sd": 0.042145635932683945
}