{
    "total_duration": 57.622,
    "total_words": 92,
    "unique_words_count": 52,
    "average_chunk_length_in_words": 2.7058823529411766,
    "articulation_rate": 2.4831309041835365,
    "mean_deviation_of_chunks_in_words": 1.6608996539792382,
    "duration_of_silences_per_word": 0.22025000000000014,
    "mean_of_silence_duration": 0.6140303030303034,
    "mean_duration_of_long_pauses": 1.0454285714285718,
    "frequency_of_longer_pauses_divided_by_number_of_words": 0.15217391304347827,
    "types_divided_by_uttsegdur": 0.9024330984693346,
    "mean_length_of_filled_pauses": 0.4499999999999998,
    "frequency_of_filled_pauses": 0.2603172399430773,
    "f1_mean": 453.4921924387561,
    "f2_mean": 1302.675206742356,
    "f3_mean": 2297.769632245829,
    "f4_mean": 3401.974276980377,
    "f1_median": 423.3763405544099,
    "f2_median": 1201.4210506105564,
    "f3_median": 2256.5241869585525,
    "f4_median": 3428.5398963746434,
    "duration": 61.74675,
    "meanF0": 110.87264823116266,
    "stdevF0": 17.653069642006795,
    "hnr": 16.246162889710153,
    "local_jitter": 0.021381582871208313,
    "local_absolute_jitter": 0.00019371362674740322,
    "rap_jitter": 0.006830123667481125,
    "ppq5_jitter": 0.008869678603168901,
    "ddp_jitter": 0.020490371002443372,
    "local_shimmer": 0.07632288404891098,
    "localdb_shimmer": 0.7227010650816708,
    "apq3_shimmer": 0.022880962620324418,
    "apq5_shimmer": 0.03493467875982977,
    "apq11_shimmer": 0.06819600600340808,
    "dda_shimmer": 0.06864288786097325,
    "mean_spectral_energy": 3.3134567737579346,
    "intensity_mean": 0.04709576070308685,
    "intensity_min": 0.00012985272041987628,
    "intensity_max": 0.3430536091327667,
    "intensity_range": 0.34292376041412354,
    "intensity_sd": 0.045831650495529175
}