{
    "total_duration": 33.97,
    "total_words": 30,
    "unique_words_count": 23,
    "average_chunk_length_in_words": 2.142857142857143,
    "articulation_rate": 2.460428114491921,
    "mean_deviation_of_chunks_in_words": 1.2244897959183672,
    "duration_of_silences_per_word": 0.7102666666666665,
    "mean_of_silence_duration": 1.6390769230769229,
    "mean_duration_of_long_pauses": 2.4858749999999996,
    "frequency_of_longer_pauses_divided_by_number_of_words": 0.26666666666666666,
    "types_divided_by_uttsegdur": 0.6770680011775095,
    "mean_length_of_filled_pauses": 0.765,
    "frequency_of_filled_pauses": 0.2943773918163085,
    "f1_mean": 390.8103234297083,
    "f2_mean": 1419.4465934740153,
    "f3_mean": 2273.868411183772,
    "f4_mean": 3432.781134388035,
    "f1_median": 363.67324745248834,
    "f2_median": 1453.487620589291,
    "f3_median": 2219.9495653007434,
    "f4_median": 3502.5303835414516,
    "duration": 37.021625,
    "meanF0": 121.5583510245913,
    "stdevF0": 23.21328883705081,
    "hnr": 18.3977705931607,
    "local_jitter": 0.025550668302530655,
    "local_absolute_jitter": 0.00021144215233030017,
    "rap_jitter": 0.011062646652004734,
    "ppq5_jitter": 0.009853113605470613,
    "ddp_jitter": 0.0331879399560142,
    "local_shimmer": 0.06987972270387265,
    "localdb_shimmer": 0.6807232226946147,
    "apq3_shimmer": 0.01967843752096936,
    "apq5_shimmer": 0.031694535627583904,
    "apq11_shimmer": 0.06366249114027085,
    "dda_shimmer": 0.05903531256290809,
    "mean_spectral_energy": 3.7524828910827637,
    "intensity_mean": 0.03991355374455452,
    "intensity_min": 0.00011520089174155146,
    "intensity_max": 0.3182666301727295,
    "intensity_range": 0.31815141439437866,
    "intensity_sd": 0.05742582306265831
}