{
    "total_duration": 43.768,
    "total_words": 97,
    "unique_words_count": 58,
    "average_chunk_length_in_words": 3.03125,
    "articulation_rate": 3.7973692452239267,
    "mean_deviation_of_chunks_in_words": 2.1015625,
    "duration_of_silences_per_word": 0.17064948453608245,
    "mean_of_silence_duration": 0.5339677419354838,
    "mean_duration_of_long_pauses": 0.9238333333333331,
    "frequency_of_longer_pauses_divided_by_number_of_words": 0.12371134020618557,
    "types_divided_by_uttsegdur": 1.3251690732955583,
    "mean_length_of_filled_pauses": 0.44999999999999973,
    "frequency_of_filled_pauses": 0.04569548528605374,
    "f1_mean": 438.1939475493975,
    "f2_mean": 1483.4417030451893,
    "f3_mean": 2452.501959956601,
    "f4_mean": 3781.904318637244,
    "f1_median": 398.9954907890848,
    "f2_median": 1411.5533482530743,
    "f3_median": 2392.9942815083164,
    "f4_median": 3838.3661428834257,
    "duration": 50.47,
    "meanF0": 102.49019355144681,
    "stdevF0": 14.638534196906232,
    "hnr": 14.150117472604808,
    "local_jitter": 0.02739368638278609,
    "local_absolute_jitter": 0.0002675979254297659,
    "rap_jitter": 0.008883219414414853,
    "ppq5_jitter": 0.01090797816328614,
    "ddp_jitter": 0.026649658243244556,
    "local_shimmer": 0.07318504292973113,
    "localdb_shimmer": 0.6897319512212261,
    "apq3_shimmer": 0.021949334993749445,
    "apq5_shimmer": 0.03431432499282071,
    "apq11_shimmer": 0.06197441636535887,
    "dda_shimmer": 0.06584800498124833,
    "mean_spectral_energy": 3.285970449447632,
    "intensity_mean": 0.04336237162351608,
    "intensity_min": 0.00010570057929726318,
    "intensity_max": 0.30560171604156494,
    "intensity_range": 0.3054960072040558,
    "intensity_sd": 0.04901282116770744
}