{
    "total_duration": 28.649,
    "total_words": 54,
    "unique_words_count": 35,
    "average_chunk_length_in_words": 2.347826086956522,
    "articulation_rate": 3.7836322869955152,
    "mean_deviation_of_chunks_in_words": 1.0926275992438566,
    "duration_of_silences_per_word": 0.2557037037037037,
    "mean_of_silence_duration": 0.6276363636363637,
    "mean_duration_of_long_pauses": 0.8905,
    "frequency_of_longer_pauses_divided_by_number_of_words": 0.2222222222222222,
    "types_divided_by_uttsegdur": 1.221683130301232,
    "mean_length_of_filled_pauses": 0.36999999999999983,
    "frequency_of_filled_pauses": 0.2094313937659255,
    "f1_mean": 447.1190073227208,
    "f2_mean": 1491.6257338498492,
    "f3_mean": 2513.7963980136165,
    "f4_mean": 3745.69312872475,
    "f1_median": 395.7013936304012,
    "f2_median": 1375.1543302406817,
    "f3_median": 2440.5810664976734,
    "f4_median": 3867.2715561433106,
    "duration": 32.99,
    "meanF0": 105.00545379943705,
    "stdevF0": 18.715348671440793,
    "hnr": 14.011838265481163,
    "local_jitter": 0.024471296338004652,
    "local_absolute_jitter": 0.00023271579689359347,
    "rap_jitter": 0.0076120054630272795,
    "ppq5_jitter": 0.009247268801373387,
    "ddp_jitter": 0.022836016389081837,
    "local_shimmer": 0.07051462398084396,
    "localdb_shimmer": 0.6988528531257244,
    "apq3_shimmer": 0.02310180315875911,
    "apq5_shimmer": 0.03329036026203798,
    "apq11_shimmer": 0.05904967741406185,
    "dda_shimmer": 0.06930540947627734,
    "mean_spectral_energy": 6.224706649780273,
    "intensity_mean": 0.05972588434815407,
    "intensity_min": 0.00013731866783928126,
    "intensity_max": 0.3862379491329193,
    "intensity_range": 0.3861006200313568,
    "intensity_sd": 0.06742266565561295
}