{
    "total_duration": 29.049,
    "total_words": 52,
    "unique_words_count": 33,
    "average_chunk_length_in_words": 2.4761904761904763,
    "articulation_rate": 3.6239459195762778,
    "mean_deviation_of_chunks_in_words": 1.4920634920634919,
    "duration_of_silences_per_word": 0.2729038461538462,
    "mean_of_silence_duration": 0.7095500000000001,
    "mean_duration_of_long_pauses": 0.9824166666666665,
    "frequency_of_longer_pauses_divided_by_number_of_words": 0.23076923076923078,
    "types_divided_by_uttsegdur": 1.1360115666632242,
    "mean_length_of_filled_pauses": 0.31500000000000106,
    "frequency_of_filled_pauses": 0.06884918585837722,
    "f1_mean": 463.1483941817032,
    "f2_mean": 1553.6197199761025,
    "f3_mean": 2572.9832677712593,
    "f4_mean": 3837.819890991644,
    "f1_median": 408.27001642009714,
    "f2_median": 1466.6872802672071,
    "f3_median": 2511.4758057834433,
    "f4_median": 3896.055266979195,
    "duration": 33.71,
    "meanF0": 105.48505110606068,
    "stdevF0": 17.249766126906074,
    "hnr": 13.570076283414283,
    "local_jitter": 0.02466634996808098,
    "local_absolute_jitter": 0.00023409475163558977,
    "rap_jitter": 0.008079776844572683,
    "ppq5_jitter": 0.009677226627989971,
    "ddp_jitter": 0.02423933053371805,
    "local_shimmer": 0.07302059245360747,
    "localdb_shimmer": 0.7309883983122536,
    "apq3_shimmer": 0.021551424968599863,
    "apq5_shimmer": 0.03383739543445727,
    "apq11_shimmer": 0.06918827611342368,
    "dda_shimmer": 0.06465427490579959,
    "mean_spectral_energy": 6.988485336303711,
    "intensity_mean": 0.05881257355213165,
    "intensity_min": 0.00011569227353902534,
    "intensity_max": 0.3154626190662384,
    "intensity_range": 0.31534692645072937,
    "intensity_sd": 0.07516331225633621
}