{
    "total_duration": 55.992,
    "total_words": 110,
    "unique_words_count": 65,
    "average_chunk_length_in_words": 2.972972972972973,
    "articulation_rate": 3.492174354741421,
    "mean_deviation_of_chunks_in_words": 1.6493791088385683,
    "duration_of_silences_per_word": 0.21694545454545455,
    "mean_of_silence_duration": 0.6628888888888889,
    "mean_duration_of_long_pauses": 1.1150000000000007,
    "frequency_of_longer_pauses_divided_by_number_of_words": 0.14545454545454545,
    "types_divided_by_uttsegdur": 1.1608801257322474,
    "mean_length_of_filled_pauses": 0.4285714285714287,
    "frequency_of_filled_pauses": 0.12501785969424203,
    "f1_mean": 422.504849578126,
    "f2_mean": 1629.015425747077,
    "f3_mean": 2551.0867254072996,
    "f4_mean": 3834.8815632683436,
    "f1_median": 368.41815774916984,
    "f2_median": 1567.6596918461992,
    "f3_median": 2488.465315389404,
    "f4_median": 3902.1396246710565,
    "duration": 64.16,
    "meanF0": 102.18926199530972,
    "stdevF0": 14.774453585413687,
    "hnr": 14.144085471247598,
    "local_jitter": 0.02697960629622636,
    "local_absolute_jitter": 0.0002640935706317271,
    "rap_jitter": 0.010534389209082224,
    "ppq5_jitter": 0.012189218722474407,
    "ddp_jitter": 0.03160316762724667,
    "local_shimmer": 0.07436252617072661,
    "localdb_shimmer": 0.7367276842761323,
    "apq3_shimmer": 0.022688440350853482,
    "apq5_shimmer": 0.03459334802110834,
    "apq11_shimmer": 0.07426516066017429,
    "dda_shimmer": 0.06806532105256044,
    "mean_spectral_energy": 1.6798012256622314,
    "intensity_mean": 0.030094411224126816,
    "intensity_min": 9.303439583163708e-05,
    "intensity_max": 0.21219493448734283,
    "intensity_range": 0.21210190653800964,
    "intensity_sd": 0.035828761756420135
}