{
    "total_duration": 44.095,
    "total_words": 67,
    "unique_words_count": 46,
    "average_chunk_length_in_words": 2.2333333333333334,
    "articulation_rate": 2.6277601286425867,
    "mean_deviation_of_chunks_in_words": 1.0755555555555558,
    "duration_of_silences_per_word": 0.25892537313432856,
    "mean_of_silence_duration": 0.5982068965517245,
    "mean_duration_of_long_pauses": 0.8910666666666669,
    "frequency_of_longer_pauses_divided_by_number_of_words": 0.22388059701492538,
    "types_divided_by_uttsegdur": 1.043202177117587,
    "mean_length_of_filled_pauses": 0.41999999999999976,
    "frequency_of_filled_pauses": 0.11339154099104207,
    "f1_mean": 420.9154024712402,
    "f2_mean": 1518.4007575945338,
    "f3_mean": 2453.1302412866403,
    "f4_mean": 3775.0250255491246,
    "f1_median": 395.0248049627354,
    "f2_median": 1425.2738021575688,
    "f3_median": 2398.4966310869677,
    "f4_median": 3839.8991966939757,
    "duration": 50.498875,
    "meanF0": 105.90485945037075,
    "stdevF0": 17.655691306426583,
    "hnr": 14.012675715009319,
    "local_jitter": 0.023516404352417725,
    "local_absolute_jitter": 0.00022196339601205308,
    "rap_jitter": 0.00847967650013027,
    "ppq5_jitter": 0.01039701850080688,
    "ddp_jitter": 0.025439029500390814,
    "local_shimmer": 0.07406230527073704,
    "localdb_shimmer": 0.7115215504443906,
    "apq3_shimmer": 0.024917882544265395,
    "apq5_shimmer": 0.03696525792778313,
    "apq11_shimmer": 0.07070232053454294,
    "dda_shimmer": 0.07475364763279618,
    "mean_spectral_energy": 3.508723020553589,
    "intensity_mean": 0.04308583214879036,
    "intensity_min": 8.960005652625114e-05,
    "intensity_max": 0.34430259466171265,
    "intensity_range": 0.34421300888061523,
    "intensity_sd": 0.052078645676374435
}