{
    "total_duration": 37.903,
    "total_words": 52,
    "unique_words_count": 32,
    "average_chunk_length_in_words": 1.9259259259259258,
    "articulation_rate": 3.7867754150888433,
    "mean_deviation_of_chunks_in_words": 1.0973936899862826,
    "duration_of_silences_per_word": 0.4399807692307692,
    "mean_of_silence_duration": 0.8799615384615384,
    "mean_duration_of_long_pauses": 1.1065555555555555,
    "frequency_of_longer_pauses_divided_by_number_of_words": 0.34615384615384615,
    "types_divided_by_uttsegdur": 0.8442603487850566,
    "mean_length_of_filled_pauses": 0.5200000000000001,
    "frequency_of_filled_pauses": 0.15829881539719812,
    "f1_mean": 396.53079059010054,
    "f2_mean": 1560.6935418992177,
    "f3_mean": 2589.852812121365,
    "f4_mean": 3547.0878116981917,
    "f1_median": 354.47003919969893,
    "f2_median": 1460.74834846692,
    "f3_median": 2572.6593218316475,
    "f4_median": 3523.6409472677587,
    "duration": 43.59,
    "meanF0": 118.81091604389063,
    "stdevF0": 22.2176220733447,
    "hnr": 13.014360675183461,
    "local_jitter": 0.03197763943375475,
    "local_absolute_jitter": 0.0002703205038211164,
    "rap_jitter": 0.011675300329143032,
    "ppq5_jitter": 0.01564571091892297,
    "ddp_jitter": 0.035025900987429096,
    "local_shimmer": 0.11266873267673452,
    "localdb_shimmer": 0.9978186135021743,
    "apq3_shimmer": 0.046298280858574174,
    "apq5_shimmer": 0.06284846234910937,
    "apq11_shimmer": 0.09815426473999334,
    "dda_shimmer": 0.13889484257572252,
    "mean_spectral_energy": 0.027071388438344002,
    "intensity_mean": 0.0037660328671336174,
    "intensity_min": 3.41727863997221e-05,
    "intensity_max": 0.019279643893241882,
    "intensity_range": 0.01924547180533409,
    "intensity_sd": 0.004593351855874062
}