{
    "total_duration": 46.592,
    "total_words": 78,
    "unique_words_count": 56,
    "average_chunk_length_in_words": 2.2941176470588234,
    "articulation_rate": 3.5860420210564987,
    "mean_deviation_of_chunks_in_words": 1.1799307958477512,
    "duration_of_silences_per_word": 0.3168205128205125,
    "mean_of_silence_duration": 0.7488484848484841,
    "mean_duration_of_long_pauses": 0.9631363636363627,
    "frequency_of_longer_pauses_divided_by_number_of_words": 0.28205128205128205,
    "types_divided_by_uttsegdur": 1.2019230769230769,
    "mean_length_of_filled_pauses": 0.5233333333333339,
    "frequency_of_filled_pauses": 0.1931662087912088,
    "f1_mean": 424.6918147623622,
    "f2_mean": 1592.2098378149183,
    "f3_mean": 2610.0330641047094,
    "f4_mean": 3562.5996471258804,
    "f1_median": 381.47615804531915,
    "f2_median": 1534.3143724774377,
    "f3_median": 2605.434877257981,
    "f4_median": 3581.711550350128,
    "duration": 56.1105,
    "meanF0": 116.44689610780526,
    "stdevF0": 22.108975587858485,
    "hnr": 14.389168726062112,
    "local_jitter": 0.02925482244643396,
    "local_absolute_jitter": 0.0002521260788752028,
    "rap_jitter": 0.00975095493221408,
    "ppq5_jitter": 0.013719772648627091,
    "ddp_jitter": 0.029252864796642238,
    "local_shimmer": 0.10273808470361243,
    "localdb_shimmer": 0.9497786468335979,
    "apq3_shimmer": 0.039623252998827914,
    "apq5_shimmer": 0.05595974804234529,
    "apq11_shimmer": 0.09003146960345089,
    "dda_shimmer": 0.11886975899648375,
    "mean_spectral_energy": 0.08755418658256531,
    "intensity_mean": 0.006999941077083349,
    "intensity_min": 3.0575851269531995e-05,
    "intensity_max": 0.034601904451847076,
    "intensity_range": 0.0345713272690773,
    "intensity_sd": 0.008069176226854324
}