{
    "total_duration": 55.599,
    "total_words": 70,
    "unique_words_count": 40,
    "average_chunk_length_in_words": 2.1875,
    "articulation_rate": 2.562694490206846,
    "mean_deviation_of_chunks_in_words": 1.33203125,
    "duration_of_silences_per_word": 0.40249999999999986,
    "mean_of_silence_duration": 0.9088709677419352,
    "mean_duration_of_long_pauses": 1.5674666666666661,
    "frequency_of_longer_pauses_divided_by_number_of_words": 0.21428571428571427,
    "types_divided_by_uttsegdur": 0.7194373999532366,
    "mean_length_of_filled_pauses": 0,
    "frequency_of_filled_pauses": 0.0,
    "f1_mean": 465.87014444647997,
    "f2_mean": 1796.4854501368638,
    "f3_mean": 2891.791082328723,
    "f4_mean": 3880.5273689122546,
    "f1_median": 450.6387232644675,
    "f2_median": 1879.4253869222528,
    "f3_median": 2993.1121536358482,
    "f4_median": 3959.3373019902156,
    "duration": 63.15,
    "meanF0": 228.54817018776245,
    "stdevF0": 33.93184342083948,
    "hnr": 21.246357609698805,
    "local_jitter": 0.01447071506351173,
    "local_absolute_jitter": 6.308860997818448e-05,
    "rap_jitter": 0.007211610538072423,
    "ppq5_jitter": 0.007014773411700283,
    "ddp_jitter": 0.021634831614217268,
    "local_shimmer": 0.05192265403643864,
    "localdb_shimmer": 0.5417923752092261,
    "apq3_shimmer": 0.019312174846043546,
    "apq5_shimmer": 0.022538336741246487,
    "apq11_shimmer": 0.0377187383034669,
    "dda_shimmer": 0.05793652453813064,
    "mean_spectral_energy": 0.013271310366690159,
    "intensity_mean": 0.0026317830197513103,
    "intensity_min": 3.463983375695534e-05,
    "intensity_max": 0.013958554714918137,
    "intensity_range": 0.013923915103077888,
    "intensity_sd": 0.0032202734146267176
}