{
    "total_duration": 56.461,
    "total_words": 75,
    "unique_words_count": 47,
    "average_chunk_length_in_words": 2.142857142857143,
    "articulation_rate": 2.3698928808417863,
    "mean_deviation_of_chunks_in_words": 1.110204081632653,
    "duration_of_silences_per_word": 0.32858666666666664,
    "mean_of_silence_duration": 0.7248235294117646,
    "mean_duration_of_long_pauses": 1.0911111111111107,
    "frequency_of_longer_pauses_divided_by_number_of_words": 0.24,
    "types_divided_by_uttsegdur": 0.8324330068542888,
    "mean_length_of_filled_pauses": 0,
    "frequency_of_filled_pauses": 0.0,
    "f1_mean": 498.06896366477224,
    "f2_mean": 1626.3858671088851,
    "f3_mean": 2843.8262925210693,
    "f4_mean": 3848.4106098121542,
    "f1_median": 461.89953003166744,
    "f2_median": 1566.202807991348,
    "f3_median": 2952.9749388656383,
    "f4_median": 3940.0205197268,
    "duration": 64.31,
    "meanF0": 213.30707146931354,
    "stdevF0": 33.84785070523477,
    "hnr": 20.622413883360142,
    "local_jitter": 0.014013125192386988,
    "local_absolute_jitter": 6.538305990355084e-05,
    "rap_jitter": 0.006875782768995185,
    "ppq5_jitter": 0.006536030403885661,
    "ddp_jitter": 0.020627348306985555,
    "local_shimmer": 0.04838577385201985,
    "localdb_shimmer": 0.5201604664532395,
    "apq3_shimmer": 0.017031655160444244,
    "apq5_shimmer": 0.019602602552268793,
    "apq11_shimmer": 0.034302520924137075,
    "dda_shimmer": 0.05109496548133273,
    "mean_spectral_energy": 0.023993870243430138,
    "intensity_mean": 0.0034573960583657026,
    "intensity_min": 5.659326780005358e-05,
    "intensity_max": 0.021872421726584435,
    "intensity_range": 0.02181582897901535,
    "intensity_sd": 0.004395236726850271
}