{
    "total_duration": 39.018,
    "total_words": 61,
    "unique_words_count": 35,
    "average_chunk_length_in_words": 2.772727272727273,
    "articulation_rate": 2.8196357585282423,
    "mean_deviation_of_chunks_in_words": 1.9834710743801656,
    "duration_of_silences_per_word": 0.2769672131147541,
    "mean_of_silence_duration": 0.8045238095238095,
    "mean_duration_of_long_pauses": 1.1594166666666663,
    "frequency_of_longer_pauses_divided_by_number_of_words": 0.19672131147540983,
    "types_divided_by_uttsegdur": 0.897021887334051,
    "mean_length_of_filled_pauses": 0.4350000000000005,
    "frequency_of_filled_pauses": 0.05125839356194577,
    "f1_mean": 474.90396377183765,
    "f2_mean": 1393.462666851952,
    "f3_mean": 2572.9712146499915,
    "f4_mean": 3597.888294062047,
    "f1_median": 466.25838937238206,
    "f2_median": 1384.105299192566,
    "f3_median": 2742.854946402614,
    "f4_median": 3737.027548797583,
    "duration": 44.7958125,
    "meanF0": 226.3106705894233,
    "stdevF0": 34.455829201035634,
    "hnr": 20.525903119491637,
    "local_jitter": 0.015779815205927052,
    "local_absolute_jitter": 6.94796067249614e-05,
    "rap_jitter": 0.007306605425162673,
    "ppq5_jitter": 0.006992821703606675,
    "ddp_jitter": 0.02191981627548802,
    "local_shimmer": 0.05288506960476686,
    "localdb_shimmer": 0.5705587379412559,
    "apq3_shimmer": 0.015738145628260133,
    "apq5_shimmer": 0.022148299325096838,
    "apq11_shimmer": 0.04809139998141229,
    "dda_shimmer": 0.0472144368847804,
    "mean_spectral_energy": 0.049926210194826126,
    "intensity_mean": 0.005697701126337051,
    "intensity_min": 6.883067544549704e-05,
    "intensity_max": 0.025074375793337822,
    "intensity_range": 0.02500554546713829,
    "intensity_sd": 0.005707170348614454
}