{
    "total_duration": 44.112,
    "total_words": 64,
    "unique_words_count": 42,
    "average_chunk_length_in_words": 2.0,
    "articulation_rate": 2.848242100578548,
    "mean_deviation_of_chunks_in_words": 1.125,
    "duration_of_silences_per_word": 0.32956249999999987,
    "mean_of_silence_duration": 0.6803870967741933,
    "mean_duration_of_long_pauses": 1.0726666666666669,
    "frequency_of_longer_pauses_divided_by_number_of_words": 0.234375,
    "types_divided_by_uttsegdur": 0.9521218715995647,
    "mean_length_of_filled_pauses": 0.634999999999999,
    "frequency_of_filled_pauses": 0.2720348204570185,
    "f1_mean": 489.1668001598279,
    "f2_mean": 1620.3508210113168,
    "f3_mean": 2535.387262337243,
    "f4_mean": 3947.7151631664547,
    "f1_median": 497.73277174668647,
    "f2_median": 1640.493649229259,
    "f3_median": 2477.9952232047203,
    "f4_median": 3991.6261602035956,
    "duration": 51.76,
    "meanF0": 144.9358186229675,
    "stdevF0": 24.608056860998076,
    "hnr": 15.164248123490346,
    "local_jitter": 0.020588495966833893,
    "local_absolute_jitter": 0.00014215526646840998,
    "rap_jitter": 0.00827743198107526,
    "ppq5_jitter": 0.008327574523107608,
    "ddp_jitter": 0.02483229594322578,
    "local_shimmer": 0.07072881211970422,
    "localdb_shimmer": 0.7326990025147895,
    "apq3_shimmer": 0.022014786388433794,
    "apq5_shimmer": 0.03037231618088117,
    "apq11_shimmer": 0.058743215459181944,
    "dda_shimmer": 0.06604435916530138,
    "mean_spectral_energy": 2.660560369491577,
    "intensity_mean": 0.041007209569215775,
    "intensity_min": 8.161552250385284e-05,
    "intensity_max": 0.2590053081512451,
    "intensity_range": 0.2589236795902252,
    "intensity_sd": 0.04226131737232208
}