{
    "total_duration": 33.255,
    "total_words": 56,
    "unique_words_count": 31,
    "average_chunk_length_in_words": 3.111111111111111,
    "articulation_rate": 3.2635934495017183,
    "mean_deviation_of_chunks_in_words": 1.5802469135802468,
    "duration_of_silences_per_word": 0.28512499999999996,
    "mean_of_silence_duration": 0.939235294117647,
    "mean_duration_of_long_pauses": 1.2732727272727273,
    "frequency_of_longer_pauses_divided_by_number_of_words": 0.19642857142857142,
    "types_divided_by_uttsegdur": 0.9321906480228537,
    "mean_length_of_filled_pauses": 0.5700000000000003,
    "frequency_of_filled_pauses": 0.030070666065253344,
    "f1_mean": 462.6975497175504,
    "f2_mean": 1784.3490847324033,
    "f3_mean": 2883.5811311304874,
    "f4_mean": 3956.261715738621,
    "f1_median": 438.15137986444233,
    "f2_median": 1832.722994798145,
    "f3_median": 2959.9375677553403,
    "f4_median": 4001.27601966614,
    "duration": 42.39,
    "meanF0": 174.61001102183351,
    "stdevF0": 53.25955846909314,
    "hnr": 17.41732039796054,
    "local_jitter": 0.02009224011653396,
    "local_absolute_jitter": 0.0001150817631454022,
    "rap_jitter": 0.010094026467845069,
    "ppq5_jitter": 0.01003853691899512,
    "ddp_jitter": 0.03028207940353521,
    "local_shimmer": 0.07050905246030982,
    "localdb_shimmer": 0.7351977298344742,
    "apq3_shimmer": 0.026322884937452426,
    "apq5_shimmer": 0.030889711739147563,
    "apq11_shimmer": 0.05600900253147149,
    "dda_shimmer": 0.07896865481235728,
    "mean_spectral_energy": 0.0175454244017601,
    "intensity_mean": 0.003080704715102911,
    "intensity_min": 5.891805994906463e-05,
    "intensity_max": 0.014643482863903046,
    "intensity_range": 0.014584564603865147,
    "intensity_sd": 0.0036573351826518774
}