{
    "total_duration": 44.346,
    "total_words": 65,
    "unique_words_count": 41,
    "average_chunk_length_in_words": 2.2413793103448274,
    "articulation_rate": 3.2245262426828067,
    "mean_deviation_of_chunks_in_words": 1.1605231866825205,
    "duration_of_silences_per_word": 0.3618153846153847,
    "mean_of_silence_duration": 0.8399285714285716,
    "mean_duration_of_long_pauses": 1.1855882352941176,
    "frequency_of_longer_pauses_divided_by_number_of_words": 0.26153846153846155,
    "types_divided_by_uttsegdur": 0.924547873539891,
    "mean_length_of_filled_pauses": 0.30000000000000004,
    "frequency_of_filled_pauses": 0.02254994813511929,
    "f1_mean": 479.31188906478144,
    "f2_mean": 1776.577358330178,
    "f3_mean": 2762.7776555308697,
    "f4_mean": 3853.554771712346,
    "f1_median": 445.8327429515752,
    "f2_median": 1837.293489368261,
    "f3_median": 2888.783385276065,
    "f4_median": 3944.7221881195687,
    "duration": 50.88,
    "meanF0": 178.7701781876979,
    "stdevF0": 49.359963911474765,
    "hnr": 18.196130377890647,
    "local_jitter": 0.016129782317115073,
    "local_absolute_jitter": 9.003735243679525e-05,
    "rap_jitter": 0.007538781142450183,
    "ppq5_jitter": 0.00735523401886356,
    "ddp_jitter": 0.022616343427350548,
    "local_shimmer": 0.06247886683787918,
    "localdb_shimmer": 0.603222229114958,
    "apq3_shimmer": 0.023469023762090476,
    "apq5_shimmer": 0.029055440746999905,
    "apq11_shimmer": 0.04989105301938409,
    "dda_shimmer": 0.07040707128627142,
    "mean_spectral_energy": 0.017778057605028152,
    "intensity_mean": 0.003169179894030094,
    "intensity_min": 6.0026999562978745e-05,
    "intensity_max": 0.015204918570816517,
    "intensity_range": 0.015144892036914825,
    "intensity_sd": 0.0036230210680514574
}