{
    "total_duration": 45.072,
    "total_words": 69,
    "unique_words_count": 53,
    "average_chunk_length_in_words": 2.6538461538461537,
    "articulation_rate": 2.658652178938849,
    "mean_deviation_of_chunks_in_words": 1.6775147928994083,
    "duration_of_silences_per_word": 0.26768115942028964,
    "mean_of_silence_duration": 0.7387999999999993,
    "mean_duration_of_long_pauses": 1.0318749999999997,
    "frequency_of_longer_pauses_divided_by_number_of_words": 0.2318840579710145,
    "types_divided_by_uttsegdur": 1.175896343627973,
    "mean_length_of_filled_pauses": 0.35999999999999943,
    "frequency_of_filled_pauses": 0.022186723464678735,
    "f1_mean": 471.00921609401786,
    "f2_mean": 1737.480950077596,
    "f3_mean": 2783.1280385498076,
    "f4_mean": 3872.134179797994,
    "f1_median": 439.06904153427286,
    "f2_median": 1825.6667318063205,
    "f3_median": 2877.4545176743254,
    "f4_median": 3932.178852065612,
    "duration": 49.95,
    "meanF0": 174.10868865376662,
    "stdevF0": 54.866217764770965,
    "hnr": 16.026598504451492,
    "local_jitter": 0.019356641266051258,
    "local_absolute_jitter": 0.00011100457417755706,
    "rap_jitter": 0.00879344079553448,
    "ppq5_jitter": 0.009452515836620502,
    "ddp_jitter": 0.02638032238660344,
    "local_shimmer": 0.07683751928881544,
    "localdb_shimmer": 0.7876080875903062,
    "apq3_shimmer": 0.02747759347961197,
    "apq5_shimmer": 0.033761440748950634,
    "apq11_shimmer": 0.06499118169720812,
    "dda_shimmer": 0.08243278043883591,
    "mean_spectral_energy": 0.02481783740222454,
    "intensity_mean": 0.003919235896319151,
    "intensity_min": 5.987246913718991e-05,
    "intensity_max": 0.016669970005750656,
    "intensity_range": 0.016610097140073776,
    "intensity_sd": 0.004121273290365934
}