{
    "total_duration": 31.251,
    "total_words": 57,
    "unique_words_count": 36,
    "average_chunk_length_in_words": 3.1666666666666665,
    "articulation_rate": 3.1469110583558777,
    "mean_deviation_of_chunks_in_words": 1.796296296296296,
    "duration_of_silences_per_word": 0.22119298245614044,
    "mean_of_silence_duration": 0.7416470588235298,
    "mean_duration_of_long_pauses": 0.92725,
    "frequency_of_longer_pauses_divided_by_number_of_words": 0.21052631578947367,
    "types_divided_by_uttsegdur": 1.1519631371796102,
    "mean_length_of_filled_pauses": 0,
    "frequency_of_filled_pauses": 0.0,
    "f1_mean": 468.16423657348355,
    "f2_mean": 1721.9347886465102,
    "f3_mean": 2836.333399331435,
    "f4_mean": 3913.088664053163,
    "f1_median": 445.2669278002859,
    "f2_median": 1778.1061638658143,
    "f3_median": 2935.1190740634806,
    "f4_median": 3980.0570325395042,
    "duration": 40.9285,
    "meanF0": 179.25987636560257,
    "stdevF0": 51.53034539462528,
    "hnr": 17.70702648627173,
    "local_jitter": 0.01829824918552307,
    "local_absolute_jitter": 0.00010199342361018683,
    "rap_jitter": 0.008733712753438974,
    "ppq5_jitter": 0.008620129743901611,
    "ddp_jitter": 0.02620113826031692,
    "local_shimmer": 0.0640545202232222,
    "localdb_shimmer": 0.6513714343577339,
    "apq3_shimmer": 0.024767870644185883,
    "apq5_shimmer": 0.030014893204631292,
    "apq11_shimmer": 0.05270709814902401,
    "dda_shimmer": 0.07430361193255765,
    "mean_spectral_energy": 0.01889306679368019,
    "intensity_mean": 0.003156340681016445,
    "intensity_min": 5.634869012283161e-05,
    "intensity_max": 0.01584862358868122,
    "intensity_range": 0.015792274847626686,
    "intensity_sd": 0.0038289749063551426
}