{
    "total_duration": 37.532,
    "total_words": 63,
    "unique_words_count": 35,
    "average_chunk_length_in_words": 2.52,
    "articulation_rate": 3.748438150770514,
    "mean_deviation_of_chunks_in_words": 1.3408000000000002,
    "duration_of_silences_per_word": 0.3068095238095239,
    "mean_of_silence_duration": 0.8053750000000003,
    "mean_duration_of_long_pauses": 1.1903571428571431,
    "frequency_of_longer_pauses_divided_by_number_of_words": 0.2222222222222222,
    "types_divided_by_uttsegdur": 0.9325375679420229,
    "mean_length_of_filled_pauses": 0.31000000000000166,
    "frequency_of_filled_pauses": 0.07993179153788768,
    "f1_mean": 484.1712845135477,
    "f2_mean": 1685.4569662944182,
    "f3_mean": 2739.3627100144813,
    "f4_mean": 3842.9568584388803,
    "f1_median": 467.66581947347015,
    "f2_median": 1804.606675059444,
    "f3_median": 2838.377491515936,
    "f4_median": 3927.7252259940537,
    "duration": 39.91,
    "meanF0": 170.99740897791386,
    "stdevF0": 53.175760683182176,
    "hnr": 15.765779697361964,
    "local_jitter": 0.019632240075702537,
    "local_absolute_jitter": 0.00011482585117985284,
    "rap_jitter": 0.009290658777137745,
    "ppq5_jitter": 0.009144255208787195,
    "ddp_jitter": 0.027871976331413237,
    "local_shimmer": 0.06957316652230432,
    "localdb_shimmer": 0.7181460154538631,
    "apq3_shimmer": 0.026718025315121855,
    "apq5_shimmer": 0.03171532561689351,
    "apq11_shimmer": 0.05397475242082151,
    "dda_shimmer": 0.08015407594536557,
    "mean_spectral_energy": 0.0151274548843503,
    "intensity_mean": 0.003083191579207778,
    "intensity_min": 5.957521716482006e-05,
    "intensity_max": 0.012090444564819336,
    "intensity_range": 0.012030869722366333,
    "intensity_sd": 0.0031952515710145235
}