{
    "total_duration": 34.275,
    "total_words": 55,
    "unique_words_count": 31,
    "average_chunk_length_in_words": 2.5,
    "articulation_rate": 3.861546022607598,
    "mean_deviation_of_chunks_in_words": 1.3636363636363635,
    "duration_of_silences_per_word": 0.3626000000000001,
    "mean_of_silence_duration": 0.9496666666666669,
    "mean_duration_of_long_pauses": 1.3601538461538463,
    "frequency_of_longer_pauses_divided_by_number_of_words": 0.23636363636363636,
    "types_divided_by_uttsegdur": 0.9044493070751277,
    "mean_length_of_filled_pauses": 0.4199999999999946,
    "frequency_of_filled_pauses": 0.029175784099197667,
    "f1_mean": 478.7202447593664,
    "f2_mean": 1832.2554361128844,
    "f3_mean": 2777.7303662018803,
    "f4_mean": 3835.4388576364613,
    "f1_median": 470.01583956641497,
    "f2_median": 1880.085840743826,
    "f3_median": 2841.706427241394,
    "f4_median": 3901.9404690026545,
    "duration": 36.56,
    "meanF0": 179.60016098835862,
    "stdevF0": 50.4597571838412,
    "hnr": 16.080058002785243,
    "local_jitter": 0.018765608826966113,
    "local_absolute_jitter": 0.0001046182868360074,
    "rap_jitter": 0.008729126290520228,
    "ppq5_jitter": 0.008138482955636524,
    "ddp_jitter": 0.026187378871560682,
    "local_shimmer": 0.05916118620398302,
    "localdb_shimmer": 0.6203891002155718,
    "apq3_shimmer": 0.022145216209565954,
    "apq5_shimmer": 0.026800184776527836,
    "apq11_shimmer": 0.04676866243277405,
    "dda_shimmer": 0.06643564862869786,
    "mean_spectral_energy": 0.01814805157482624,
    "intensity_mean": 0.0031837299466133118,
    "intensity_min": 5.893661000300199e-05,
    "intensity_max": 0.017371173948049545,
    "intensity_range": 0.01731223799288273,
    "intensity_sd": 0.003676442429423332
}