{
    "total_duration": 44.377,
    "total_words": 83,
    "unique_words_count": 53,
    "average_chunk_length_in_words": 3.4583333333333335,
    "articulation_rate": 2.9353515348705606,
    "mean_deviation_of_chunks_in_words": 2.163194444444444,
    "duration_of_silences_per_word": 0.19026506024096373,
    "mean_of_silence_duration": 0.6866086956521735,
    "mean_duration_of_long_pauses": 0.9929230769230762,
    "frequency_of_longer_pauses_divided_by_number_of_words": 0.1566265060240964,
    "types_divided_by_uttsegdur": 1.1943123690199877,
    "mean_length_of_filled_pauses": 0.4733333333333335,
    "frequency_of_filled_pauses": 0.20280776077697907,
    "f1_mean": 390.7778291258449,
    "f2_mean": 1529.1865926757525,
    "f3_mean": 2557.1906619421848,
    "f4_mean": 3727.833844444341,
    "f1_median": 349.9342726964274,
    "f2_median": 1578.0014290771346,
    "f3_median": 2574.370491872326,
    "f4_median": 3774.7314135075035,
    "duration": 54.0,
    "meanF0": 155.17619584729326,
    "stdevF0": 15.777422143414723,
    "hnr": 19.867027115742935,
    "local_jitter": 0.016215755102972282,
    "local_absolute_jitter": 0.00010463899103688935,
    "rap_jitter": 0.006102926586221301,
    "ppq5_jitter": 0.007358211123579634,
    "ddp_jitter": 0.018308779758663903,
    "local_shimmer": 0.06510040650950827,
    "localdb_shimmer": 0.7170600039333785,
    "apq3_shimmer": 0.019975251810092833,
    "apq5_shimmer": 0.029778432139339724,
    "apq11_shimmer": 0.06295653354809011,
    "dda_shimmer": 0.0599257554302785,
    "mean_spectral_energy": 2.7750470638275146,
    "intensity_mean": 0.04225563630461693,
    "intensity_min": 7.09470477886498e-05,
    "intensity_max": 0.184626042842865,
    "intensity_range": 0.18455509841442108,
    "intensity_sd": 0.04279281944036484
}