{
    "total_duration": 26.0,
    "total_words": 66,
    "unique_words_count": 41,
    "average_chunk_length_in_words": 3.3,
    "articulation_rate": 3.4651126161600243,
    "mean_deviation_of_chunks_in_words": 2.1500000000000004,
    "duration_of_silences_per_word": 0.1052121212121212,
    "mean_of_silence_duration": 0.3654736842105263,
    "mean_duration_of_long_pauses": 0.5936666666666666,
    "frequency_of_longer_pauses_divided_by_number_of_words": 0.09090909090909091,
    "types_divided_by_uttsegdur": 1.5769230769230769,
    "mean_length_of_filled_pauses": 0.4950000000000001,
    "frequency_of_filled_pauses": 0.07692307692307693,
    "f1_mean": 397.6310105135131,
    "f2_mean": 1473.0930424513679,
    "f3_mean": 2456.671741778068,
    "f4_mean": 3588.9241575801157,
    "f1_median": 356.7043258284794,
    "f2_median": 1447.6019356318309,
    "f3_median": 2461.2395686366212,
    "f4_median": 3653.364420908751,
    "duration": 26.22,
    "meanF0": 162.916850938869,
    "stdevF0": 18.13354806744845,
    "hnr": 19.449823131745735,
    "local_jitter": 0.016566149765060108,
    "local_absolute_jitter": 0.00010202397657872856,
    "rap_jitter": 0.006049243312339518,
    "ppq5_jitter": 0.0071635139739325195,
    "ddp_jitter": 0.018147729937018554,
    "local_shimmer": 0.06127643298326419,
    "localdb_shimmer": 0.6641132139407847,
    "apq3_shimmer": 0.016865494496132585,
    "apq5_shimmer": 0.02594233470499274,
    "apq11_shimmer": 0.055789019734722486,
    "dda_shimmer": 0.05059648348839775,
    "mean_spectral_energy": 5.465625286102295,
    "intensity_mean": 0.06717990338802338,
    "intensity_min": 0.0001079433350241743,
    "intensity_max": 0.21663343906402588,
    "intensity_range": 0.21652549505233765,
    "intensity_sd": 0.05109134688973427
}