{
    "total_duration": 60.119,
    "total_words": 95,
    "unique_words_count": 68,
    "average_chunk_length_in_words": 2.2093023255813953,
    "articulation_rate": 2.926228245803171,
    "mean_deviation_of_chunks_in_words": 1.1487290427257975,
    "duration_of_silences_per_word": 0.2907894736842103,
    "mean_of_silence_duration": 0.6577380952380947,
    "mean_duration_of_long_pauses": 0.9896086956521729,
    "frequency_of_longer_pauses_divided_by_number_of_words": 0.24210526315789474,
    "types_divided_by_uttsegdur": 1.1310900048237662,
    "mean_length_of_filled_pauses": 0.7336363636363635,
    "frequency_of_filled_pauses": 0.18297044195678572,
    "f1_mean": 401.7431596316596,
    "f2_mean": 1528.4924139050122,
    "f3_mean": 2484.798788479764,
    "f4_mean": 3664.2341041945992,
    "f1_median": 360.72265828459945,
    "f2_median": 1557.1218348023885,
    "f3_median": 2508.7378290451525,
    "f4_median": 3721.7083990932747,
    "duration": 60.52,
    "meanF0": 156.4448064962644,
    "stdevF0": 16.412484740994163,
    "hnr": 19.237345443003075,
    "local_jitter": 0.016079869544578577,
    "local_absolute_jitter": 0.00010302205124886913,
    "rap_jitter": 0.0064909257278982085,
    "ppq5_jitter": 0.0071049115330655095,
    "ddp_jitter": 0.019472777183694626,
    "local_shimmer": 0.06510568551266824,
    "localdb_shimmer": 0.7057941567855421,
    "apq3_shimmer": 0.018642550729516844,
    "apq5_shimmer": 0.028068169051941344,
    "apq11_shimmer": 0.0564240652195031,
    "dda_shimmer": 0.05592765218855053,
    "mean_spectral_energy": 3.2685225009918213,
    "intensity_mean": 0.0496569462120533,
    "intensity_min": 8.486131264362484e-05,
    "intensity_max": 0.21815060079097748,
    "intensity_range": 0.21806573867797852,
    "intensity_sd": 0.04235770180821419
}