{
    "total_duration": 60.07,
    "total_words": 69,
    "unique_words_count": 43,
    "average_chunk_length_in_words": 2.090909090909091,
    "articulation_rate": 2.983009813669968,
    "mean_deviation_of_chunks_in_words": 1.0358126721763086,
    "duration_of_silences_per_word": 0.47602898550724654,
    "mean_of_silence_duration": 1.0264375000000003,
    "mean_duration_of_long_pauses": 1.3420454545454545,
    "frequency_of_longer_pauses_divided_by_number_of_words": 0.3188405797101449,
    "types_divided_by_uttsegdur": 0.7158315298818045,
    "mean_length_of_filled_pauses": 0,
    "frequency_of_filled_pauses": 0.0,
    "f1_mean": 425.158778135158,
    "f2_mean": 1448.568323422672,
    "f3_mean": 2537.222193854142,
    "f4_mean": 3436.48660656762,
    "f1_median": 347.04237057375843,
    "f2_median": 1379.2726271736276,
    "f3_median": 2499.955318929188,
    "f4_median": 3359.4856760814505,
    "duration": 71.54,
    "meanF0": 94.41898209203613,
    "stdevF0": 12.595481030861839,
    "hnr": 14.173759488020918,
    "local_jitter": 0.02634053058054762,
    "local_absolute_jitter": 0.00027929225487576735,
    "rap_jitter": 0.01095691782497904,
    "ppq5_jitter": 0.01228454168924722,
    "ddp_jitter": 0.03287075347493712,
    "local_shimmer": 0.07831687877986807,
    "localdb_shimmer": 0.7798911246727297,
    "apq3_shimmer": 0.026386182528619784,
    "apq5_shimmer": 0.03793243969988106,
    "apq11_shimmer": 0.06222588082371683,
    "dda_shimmer": 0.07915854758585936,
    "mean_spectral_energy": 0.009805810637772083,
    "intensity_mean": 0.0020734360441565514,
    "intensity_min": 5.4082192946225405e-05,
    "intensity_max": 0.019649246707558632,
    "intensity_range": 0.01959516480565071,
    "intensity_sd": 0.002912085270509124
}