{
    "total_duration": 50.224,
    "total_words": 68,
    "unique_words_count": 49,
    "average_chunk_length_in_words": 2.4285714285714284,
    "articulation_rate": 3.1658829554448533,
    "mean_deviation_of_chunks_in_words": 1.0918367346938773,
    "duration_of_silences_per_word": 0.41523529411764704,
    "mean_of_silence_duration": 1.0457777777777777,
    "mean_duration_of_long_pauses": 1.2115454545454543,
    "frequency_of_longer_pauses_divided_by_number_of_words": 0.3235294117647059,
    "types_divided_by_uttsegdur": 0.9756291812679198,
    "mean_length_of_filled_pauses": 0.39000000000000057,
    "frequency_of_filled_pauses": 0.019910799617712648,
    "f1_mean": 428.3867839137485,
    "f2_mean": 1521.5940097604123,
    "f3_mean": 2556.867266326256,
    "f4_mean": 3414.910384529243,
    "f1_median": 377.3774956884731,
    "f2_median": 1488.6522420474448,
    "f3_median": 2579.0141873686844,
    "f4_median": 3379.5823733127877,
    "duration": 53.01,
    "meanF0": 93.74708601282232,
    "stdevF0": 11.426588731759075,
    "hnr": 13.058378218295395,
    "local_jitter": 0.026392367456594956,
    "local_absolute_jitter": 0.0002821493075531116,
    "rap_jitter": 0.011567343045057573,
    "ppq5_jitter": 0.012325401637889007,
    "ddp_jitter": 0.034702029135172716,
    "local_shimmer": 0.07304866368718366,
    "localdb_shimmer": 0.7198223832131724,
    "apq3_shimmer": 0.02572663264771484,
    "apq5_shimmer": 0.03493835926452101,
    "apq11_shimmer": 0.05793653258188728,
    "dda_shimmer": 0.07717989794314452,
    "mean_spectral_energy": 0.015267809852957726,
    "intensity_mean": 0.0029483928810805082,
    "intensity_min": 5.630522355204448e-05,
    "intensity_max": 0.014261240139603615,
    "intensity_range": 0.014204935170710087,
    "intensity_sd": 0.003347116755321622
}