{
    "total_duration": 42.419,
    "total_words": 101,
    "unique_words_count": 44,
    "average_chunk_length_in_words": 2.9705882352941178,
    "articulation_rate": 4.020220515065876,
    "mean_deviation_of_chunks_in_words": 1.85121107266436,
    "duration_of_silences_per_word": 0.16541584158415842,
    "mean_of_silence_duration": 0.5062727272727273,
    "mean_duration_of_long_pauses": 0.729125,
    "frequency_of_longer_pauses_divided_by_number_of_words": 0.15841584158415842,
    "types_divided_by_uttsegdur": 1.0372710342063698,
    "mean_length_of_filled_pauses": 0,
    "frequency_of_filled_pauses": 0.0,
    "f1_mean": 423.8275373115907,
    "f2_mean": 1536.9925791949076,
    "f3_mean": 2504.4530058589344,
    "f4_mean": 3484.573511017271,
    "f1_median": 403.7225882658279,
    "f2_median": 1504.431791131752,
    "f3_median": 2520.831281905428,
    "f4_median": 3584.424551726072,
    "duration": 49.67,
    "meanF0": 114.38293055953946,
    "stdevF0": 15.840764054224142,
    "hnr": 16.05118766063609,
    "local_jitter": 0.023796025391970087,
    "local_absolute_jitter": 0.00020814486817070902,
    "rap_jitter": 0.010249379177444404,
    "ppq5_jitter": 0.010677842653643067,
    "ddp_jitter": 0.030748137532333214,
    "local_shimmer": 0.07512053750534915,
    "localdb_shimmer": 0.7827540579378077,
    "apq3_shimmer": 0.01959303384995672,
    "apq5_shimmer": 0.03365551245344186,
    "apq11_shimmer": 0.08128299249666401,
    "dda_shimmer": 0.05877910154987016,
    "mean_spectral_energy": 0.06179650127887726,
    "intensity_mean": 0.006161811761558056,
    "intensity_min": 5.888656232855283e-05,
    "intensity_max": 0.024653969332575798,
    "intensity_range": 0.02459508366882801,
    "intensity_sd": 0.006524744909256697
}