{
    "total_duration": 38.207,
    "total_words": 81,
    "unique_words_count": 47,
    "average_chunk_length_in_words": 2.4545454545454546,
    "articulation_rate": 3.820754716981135,
    "mean_deviation_of_chunks_in_words": 1.1515151515151512,
    "duration_of_silences_per_word": 0.20341975308641994,
    "mean_of_silence_duration": 0.5149062500000005,
    "mean_duration_of_long_pauses": 0.7768000000000003,
    "frequency_of_longer_pauses_divided_by_number_of_words": 0.18518518518518517,
    "types_divided_by_uttsegdur": 1.2301410736252518,
    "mean_length_of_filled_pauses": 0,
    "frequency_of_filled_pauses": 0.0,
    "f1_mean": 449.9579703042615,
    "f2_mean": 1616.3196558624127,
    "f3_mean": 2563.996923713384,
    "f4_mean": 3605.471648534223,
    "f1_median": 410.77342112173557,
    "f2_median": 1610.9028842893492,
    "f3_median": 2543.346466542656,
    "f4_median": 3633.237749223845,
    "duration": 39.6105625,
    "meanF0": 110.90517501867016,
    "stdevF0": 11.026501960205263,
    "hnr": 17.246436025226245,
    "local_jitter": 0.022163032095484994,
    "local_absolute_jitter": 0.000199698338932935,
    "rap_jitter": 0.009561427276947544,
    "ppq5_jitter": 0.010553673714162035,
    "ddp_jitter": 0.02868428183084263,
    "local_shimmer": 0.08112389653837311,
    "localdb_shimmer": 0.8224219863236369,
    "apq3_shimmer": 0.02008377854042209,
    "apq5_shimmer": 0.03422337027144721,
    "apq11_shimmer": 0.08370920844062708,
    "dda_shimmer": 0.060251335621266264,
    "mean_spectral_energy": 0.05865976959466934,
    "intensity_mean": 0.00617768382653594,
    "intensity_min": 6.724311242578551e-05,
    "intensity_max": 0.028030171990394592,
    "intensity_range": 0.027962928637862206,
    "intensity_sd": 0.006187725812196732
}