{
    "total_duration": 58.435,
    "total_words": 131,
    "unique_words_count": 59,
    "average_chunk_length_in_words": 3.4473684210526314,
    "articulation_rate": 3.399948092395537,
    "mean_deviation_of_chunks_in_words": 2.378116343490304,
    "duration_of_silences_per_word": 0.14928244274809171,
    "mean_of_silence_duration": 0.528540540540541,
    "mean_duration_of_long_pauses": 0.8406875000000005,
    "frequency_of_longer_pauses_divided_by_number_of_words": 0.12213740458015267,
    "types_divided_by_uttsegdur": 1.009668862839052,
    "mean_length_of_filled_pauses": 0,
    "frequency_of_filled_pauses": 0.0,
    "f1_mean": 420.30325322268976,
    "f2_mean": 1664.1852603240861,
    "f3_mean": 2586.6173403750067,
    "f4_mean": 3538.3760400635665,
    "f1_median": 394.9002358444741,
    "f2_median": 1688.4282888513803,
    "f3_median": 2612.808235871312,
    "f4_median": 3611.413838967708,
    "duration": 69.68,
    "meanF0": 112.79106899372022,
    "stdevF0": 14.541927722856608,
    "hnr": 17.00521791924792,
    "local_jitter": 0.023865810183086426,
    "local_absolute_jitter": 0.00021170347208958868,
    "rap_jitter": 0.0109463031123319,
    "ppq5_jitter": 0.010838857941528935,
    "ddp_jitter": 0.0328389093369957,
    "local_shimmer": 0.07595457764790066,
    "localdb_shimmer": 0.774978278339242,
    "apq3_shimmer": 0.01894929643105247,
    "apq5_shimmer": 0.03080160486625811,
    "apq11_shimmer": 0.06986144684471614,
    "dda_shimmer": 0.05684788929315741,
    "mean_spectral_energy": 0.07979138195514679,
    "intensity_mean": 0.007189068477600813,
    "intensity_min": 6.0184873291291296e-05,
    "intensity_max": 0.030230529606342316,
    "intensity_range": 0.030170343816280365,
    "intensity_sd": 0.007232665084302425
}