{
    "total_duration": 27.275,
    "total_words": 55,
    "unique_words_count": 34,
    "average_chunk_length_in_words": 2.5,
    "articulation_rate": 3.7458285091602552,
    "mean_deviation_of_chunks_in_words": 1.4090909090909092,
    "duration_of_silences_per_word": 0.2204181818181819,
    "mean_of_silence_duration": 0.5772857142857145,
    "mean_duration_of_long_pauses": 0.7215714285714289,
    "frequency_of_longer_pauses_divided_by_number_of_words": 0.2545454545454545,
    "types_divided_by_uttsegdur": 1.246562786434464,
    "mean_length_of_filled_pauses": 0,
    "frequency_of_filled_pauses": 0.0,
    "f1_mean": 461.4241059325605,
    "f2_mean": 1416.466390112264,
    "f3_mean": 2512.844906358601,
    "f4_mean": 3455.65886961496,
    "f1_median": 460.55209442696605,
    "f2_median": 1371.6460028087156,
    "f3_median": 2561.4837117996635,
    "f4_median": 3549.575034689503,
    "duration": 37.51,
    "meanF0": 109.41236098842505,
    "stdevF0": 16.99744635567366,
    "hnr": 15.90052988124518,
    "local_jitter": 0.024171676470288915,
    "local_absolute_jitter": 0.00022120208296155214,
    "rap_jitter": 0.010198951821470542,
    "ppq5_jitter": 0.009716424602086136,
    "ddp_jitter": 0.030596855464411626,
    "local_shimmer": 0.0830061473312389,
    "localdb_shimmer": 0.8362018829395732,
    "apq3_shimmer": 0.0206852216645611,
    "apq5_shimmer": 0.03219935603158047,
    "apq11_shimmer": 0.07439056096601737,
    "dda_shimmer": 0.0620556649936833,
    "mean_spectral_energy": 0.05873781815171242,
    "intensity_mean": 0.005303363781422377,
    "intensity_min": 5.6831373512977734e-05,
    "intensity_max": 0.03250478580594063,
    "intensity_range": 0.03244795277714729,
    "intensity_sd": 0.0069589558988809586
}