{
    "total_duration": 74.34,
    "total_words": 93,
    "unique_words_count": 56,
    "average_chunk_length_in_words": 2.325,
    "articulation_rate": 2.771073567533744,
    "mean_deviation_of_chunks_in_words": 1.2225,
    "duration_of_silences_per_word": 0.254763440860215,
    "mean_of_silence_duration": 0.6075128205128204,
    "mean_duration_of_long_pauses": 1.0017777777777779,
    "frequency_of_longer_pauses_divided_by_number_of_words": 0.1935483870967742,
    "types_divided_by_uttsegdur": 0.7532956685499058,
    "mean_length_of_filled_pauses": 0.36999999999999983,
    "frequency_of_filled_pauses": 0.04035512510088781,
    "f1_mean": 422.9683910888839,
    "f2_mean": 1543.3800613960852,
    "f3_mean": 2488.906868397963,
    "f4_mean": 3531.8368176820086,
    "f1_median": 404.8677926999185,
    "f2_median": 1524.167551433135,
    "f3_median": 2527.332146951615,
    "f4_median": 3632.802547855288,
    "duration": 76.68,
    "meanF0": 111.97319350921889,
    "stdevF0": 16.03525510224494,
    "hnr": 17.3228580565784,
    "local_jitter": 0.02203570582537495,
    "local_absolute_jitter": 0.00019671544052436826,
    "rap_jitter": 0.00946291113151959,
    "ppq5_jitter": 0.009232924218019217,
    "ddp_jitter": 0.028388733394558767,
    "local_shimmer": 0.07593954064080556,
    "localdb_shimmer": 0.7827637739890556,
    "apq3_shimmer": 0.018569210386860668,
    "apq5_shimmer": 0.03024977504459484,
    "apq11_shimmer": 0.07017825400830628,
    "dda_shimmer": 0.055707631160582,
    "mean_spectral_energy": 0.09109579026699066,
    "intensity_mean": 0.006886793300509453,
    "intensity_min": 5.482274718815461e-05,
    "intensity_max": 0.035391390323638916,
    "intensity_range": 0.03533656895160675,
    "intensity_sd": 0.008443853817880154
}