{
    "total_duration": 58.512,
    "total_words": 89,
    "unique_words_count": 52,
    "average_chunk_length_in_words": 1.9777777777777779,
    "articulation_rate": 3.2437948755330392,
    "mean_deviation_of_chunks_in_words": 0.8691358024691362,
    "duration_of_silences_per_word": 0.3438876404494382,
    "mean_of_silence_duration": 0.6955909090909091,
    "mean_duration_of_long_pauses": 0.909103448275862,
    "frequency_of_longer_pauses_divided_by_number_of_words": 0.3258426966292135,
    "types_divided_by_uttsegdur": 0.8887065901011758,
    "mean_length_of_filled_pauses": 0.3899999999999997,
    "frequency_of_filled_pauses": 0.017090511348099535,
    "f1_mean": 421.2004051617621,
    "f2_mean": 1375.8926882341864,
    "f3_mean": 2526.9814042454427,
    "f4_mean": 3452.930627208663,
    "f1_median": 413.38034910807073,
    "f2_median": 1287.2247337248898,
    "f3_median": 2550.483424959006,
    "f4_median": 3506.475694206404,
    "duration": 68.45,
    "meanF0": 118.90431774786862,
    "stdevF0": 19.01383361519112,
    "hnr": 16.625622154878716,
    "local_jitter": 0.023506162842774826,
    "local_absolute_jitter": 0.00019755252081924278,
    "rap_jitter": 0.009835670049616609,
    "ppq5_jitter": 0.010243193576298125,
    "ddp_jitter": 0.02950701014884983,
    "local_shimmer": 0.07664759261185589,
    "localdb_shimmer": 0.7988505090416631,
    "apq3_shimmer": 0.01834557350577114,
    "apq5_shimmer": 0.03128276193958082,
    "apq11_shimmer": 0.07897617322072228,
    "dda_shimmer": 0.055036720517313426,
    "mean_spectral_energy": 0.08870601654052734,
    "intensity_mean": 0.006550753954797983,
    "intensity_min": 5.4957046813797206e-05,
    "intensity_max": 0.03960193693637848,
    "intensity_range": 0.03954698145389557,
    "intensity_sd": 0.008526407182216644
}