{
    "total_duration": 56.957,
    "total_words": 66,
    "unique_words_count": 45,
    "average_chunk_length_in_words": 1.8857142857142857,
    "articulation_rate": 2.949588845191273,
    "mean_deviation_of_chunks_in_words": 0.9616326530612245,
    "duration_of_silences_per_word": 0.5232121212121208,
    "mean_of_silence_duration": 1.0156470588235287,
    "mean_duration_of_long_pauses": 1.6771111111111106,
    "frequency_of_longer_pauses_divided_by_number_of_words": 0.2727272727272727,
    "types_divided_by_uttsegdur": 0.7900697017047948,
    "mean_length_of_filled_pauses": 0.35999999999999943,
    "frequency_of_filled_pauses": 0.08778552241164388,
    "f1_mean": 365.17350399165974,
    "f2_mean": 1654.3015283450677,
    "f3_mean": 2554.358449919617,
    "f4_mean": 3795.3497934352295,
    "f1_median": 292.4274037071135,
    "f2_median": 1655.0534630275993,
    "f3_median": 2539.9255384247995,
    "f4_median": 3826.936696151237,
    "duration": 65.9195,
    "meanF0": 139.33080474397477,
    "stdevF0": 14.447822429687736,
    "hnr": 13.49297147216459,
    "local_jitter": 0.03471042825344392,
    "local_absolute_jitter": 0.00024989963455909823,
    "rap_jitter": 0.018575710228706417,
    "ppq5_jitter": 0.013940440613515934,
    "ddp_jitter": 0.05572713068611925,
    "local_shimmer": 0.07964026063101284,
    "localdb_shimmer": 0.8141773272644324,
    "apq3_shimmer": 0.02980053955595268,
    "apq5_shimmer": 0.03409833953234584,
    "apq11_shimmer": 0.05924851772547986,
    "dda_shimmer": 0.08940161866785803,
    "mean_spectral_energy": 0.01249515637755394,
    "intensity_mean": 0.0023856612388044596,
    "intensity_min": 0.00010327695781597868,
    "intensity_max": 0.016335226595401764,
    "intensity_range": 0.016231950372457504,
    "intensity_sd": 0.0032544946298003197
}