{
    "total_duration": 61.21,
    "total_words": 112,
    "unique_words_count": 66,
    "average_chunk_length_in_words": 2.9473684210526314,
    "articulation_rate": 2.874226909949445,
    "mean_deviation_of_chunks_in_words": 1.7340720221606647,
    "duration_of_silences_per_word": 0.19333928571428585,
    "mean_of_silence_duration": 0.5852432432432436,
    "mean_duration_of_long_pauses": 0.9606875000000004,
    "frequency_of_longer_pauses_divided_by_number_of_words": 0.14285714285714285,
    "types_divided_by_uttsegdur": 1.0782551870609378,
    "mean_length_of_filled_pauses": 0.3572727272727269,
    "frequency_of_filled_pauses": 0.17970919784348963,
    "f1_mean": 429.7619950887806,
    "f2_mean": 1414.5708183462034,
    "f3_mean": 2696.651991734936,
    "f4_mean": 3815.837018102523,
    "f1_median": 408.43761366580173,
    "f2_median": 1394.1992215001453,
    "f3_median": 2846.998620952467,
    "f4_median": 3860.7199811055843,
    "duration": 64.23,
    "meanF0": 202.00184699384252,
    "stdevF0": 37.974666324832576,
    "hnr": 19.426040696164165,
    "local_jitter": 0.01879668102727946,
    "local_absolute_jitter": 9.26583676829408e-05,
    "rap_jitter": 0.008417169076787464,
    "ppq5_jitter": 0.008173398027886868,
    "ddp_jitter": 0.025251507230362392,
    "local_shimmer": 0.05870278035457989,
    "localdb_shimmer": 0.621159662227553,
    "apq3_shimmer": 0.0189183022762039,
    "apq5_shimmer": 0.024584412202599996,
    "apq11_shimmer": 0.048318295567707836,
    "dda_shimmer": 0.0567549068286117,
    "mean_spectral_energy": 0.42643511295318604,
    "intensity_mean": 0.017936624586582184,
    "intensity_min": 9.062670142157003e-05,
    "intensity_max": 0.07863806188106537,
    "intensity_range": 0.07854743301868439,
    "intensity_sd": 0.015299106016755104
}