{
    "total_duration": 44.746,
    "total_words": 95,
    "unique_words_count": 56,
    "average_chunk_length_in_words": 3.5185185185185186,
    "articulation_rate": 2.9697708587326908,
    "mean_deviation_of_chunks_in_words": 2.46639231824417,
    "duration_of_silences_per_word": 0.13292631578947384,
    "mean_of_silence_duration": 0.48569230769230826,
    "mean_duration_of_long_pauses": 0.711307692307693,
    "frequency_of_longer_pauses_divided_by_number_of_words": 0.1368421052631579,
    "types_divided_by_uttsegdur": 1.2515085147275733,
    "mean_length_of_filled_pauses": 0.3200000000000001,
    "frequency_of_filled_pauses": 0.06704509900326286,
    "f1_mean": 425.62886833891076,
    "f2_mean": 1494.9361804061994,
    "f3_mean": 2769.9988437831075,
    "f4_mean": 3854.9075290600877,
    "f1_median": 398.32878740823014,
    "f2_median": 1465.998688930952,
    "f3_median": 2860.119636515544,
    "f4_median": 3928.642012340353,
    "duration": 51.44,
    "meanF0": 199.85346911995165,
    "stdevF0": 38.516844985520095,
    "hnr": 20.346747862480953,
    "local_jitter": 0.017361266786873476,
    "local_absolute_jitter": 8.64607128441653e-05,
    "rap_jitter": 0.00812951648834033,
    "ppq5_jitter": 0.007837862437873837,
    "ddp_jitter": 0.02438854946502099,
    "local_shimmer": 0.05614626064468828,
    "localdb_shimmer": 0.5909153644250928,
    "apq3_shimmer": 0.01869367001209368,
    "apq5_shimmer": 0.023774233770686062,
    "apq11_shimmer": 0.045730882142297424,
    "dda_shimmer": 0.056081010036281034,
    "mean_spectral_energy": 0.6939768195152283,
    "intensity_mean": 0.020913323387503624,
    "intensity_min": 8.336568134836853e-05,
    "intensity_max": 0.172427237033844,
    "intensity_range": 0.17234386503696442,
    "intensity_sd": 0.02161293663084507
}