{
    "total_duration": 42.913,
    "total_words": 81,
    "unique_words_count": 48,
    "average_chunk_length_in_words": 2.53125,
    "articulation_rate": 3.40593726347658,
    "mean_deviation_of_chunks_in_words": 1.634765625,
    "duration_of_silences_per_word": 0.22988888888888892,
    "mean_of_silence_duration": 0.6006774193548388,
    "mean_duration_of_long_pauses": 1.0210714285714284,
    "frequency_of_longer_pauses_divided_by_number_of_words": 0.1728395061728395,
    "types_divided_by_uttsegdur": 1.1185421667093889,
    "mean_length_of_filled_pauses": 0.6899999999999977,
    "frequency_of_filled_pauses": 0.023302961806445602,
    "f1_mean": 503.4543303035316,
    "f2_mean": 1638.1776399833993,
    "f3_mean": 2646.3225385643077,
    "f4_mean": 3672.3517605207653,
    "f1_median": 485.25740197614243,
    "f2_median": 1626.1617197895102,
    "f3_median": 2688.4033189316724,
    "f4_median": 3745.0394954044486,
    "duration": 49.14,
    "meanF0": 165.3437473937865,
    "stdevF0": 46.759780703957226,
    "hnr": 11.287026556567307,
    "local_jitter": 0.037998964238275645,
    "local_absolute_jitter": 0.00023132690973160506,
    "rap_jitter": 0.015645402734183852,
    "ppq5_jitter": 0.016488346949882986,
    "ddp_jitter": 0.04693620820255155,
    "local_shimmer": 0.0807451496271284,
    "localdb_shimmer": 0.8149662364229324,
    "apq3_shimmer": 0.02949849512052777,
    "apq5_shimmer": 0.03751610817286123,
    "apq11_shimmer": 0.058838552469988016,
    "dda_shimmer": 0.08849548536158332,
    "mean_spectral_energy": 0.19221675395965576,
    "intensity_mean": 0.011239669285714626,
    "intensity_min": 9.984517964767292e-05,
    "intensity_max": 0.05174088105559349,
    "intensity_range": 0.051641035825014114,
    "intensity_sd": 0.011142192408442497
}