{
    "total_duration": 44.444,
    "total_words": 81,
    "unique_words_count": 45,
    "average_chunk_length_in_words": 3.24,
    "articulation_rate": 3.4116755117513273,
    "mean_deviation_of_chunks_in_words": 2.0672000000000006,
    "duration_of_silences_per_word": 0.24138271604938275,
    "mean_of_silence_duration": 0.8146666666666668,
    "mean_duration_of_long_pauses": 1.359166666666667,
    "frequency_of_longer_pauses_divided_by_number_of_words": 0.14814814814814814,
    "types_divided_by_uttsegdur": 1.012510125101251,
    "mean_length_of_filled_pauses": 0.36749999999999994,
    "frequency_of_filled_pauses": 0.09000090000900009,
    "f1_mean": 523.4252978899788,
    "f2_mean": 1678.0782642259708,
    "f3_mean": 2641.2224075053914,
    "f4_mean": 3663.3744512964854,
    "f1_median": 491.2284882684876,
    "f2_median": 1716.3242418590044,
    "f3_median": 2709.5061373336944,
    "f4_median": 3746.1972687803895,
    "duration": 50.32,
    "meanF0": 171.95185513185353,
    "stdevF0": 34.11116138522614,
    "hnr": 16.583928648023303,
    "local_jitter": 0.02300759650696383,
    "local_absolute_jitter": 0.0001338408884064299,
    "rap_jitter": 0.009835734995649978,
    "ppq5_jitter": 0.009271998962230837,
    "ddp_jitter": 0.029507204986949934,
    "local_shimmer": 0.0637489256332841,
    "localdb_shimmer": 0.6134952609469754,
    "apq3_shimmer": 0.02005363950654691,
    "apq5_shimmer": 0.02781735998865139,
    "apq11_shimmer": 0.05658443756545575,
    "dda_shimmer": 0.06016091851964073,
    "mean_spectral_energy": 0.35857006907463074,
    "intensity_mean": 0.012999224476516247,
    "intensity_min": 6.114746065577492e-05,
    "intensity_max": 0.20372988283634186,
    "intensity_range": 0.2036687284708023,
    "intensity_sd": 0.017271971330046654
}