{
    "total_duration": 24.351,
    "total_words": 59,
    "unique_words_count": 38,
    "average_chunk_length_in_words": 4.214285714285714,
    "articulation_rate": 3.471609296852016,
    "mean_deviation_of_chunks_in_words": 2.673469387755102,
    "duration_of_silences_per_word": 0.10586440677966102,
    "mean_of_silence_duration": 0.4804615384615385,
    "mean_duration_of_long_pauses": 0.7875,
    "frequency_of_longer_pauses_divided_by_number_of_words": 0.1016949152542373,
    "types_divided_by_uttsegdur": 1.560510861976921,
    "mean_length_of_filled_pauses": 0.4200000000000017,
    "frequency_of_filled_pauses": 0.04106607531518213,
    "f1_mean": 472.6278039168926,
    "f2_mean": 1508.7078801837756,
    "f3_mean": 2612.9676335027207,
    "f4_mean": 3660.151930308495,
    "f1_median": 426.7708679703332,
    "f2_median": 1482.371817776451,
    "f3_median": 2687.4824849899455,
    "f4_median": 3725.8305840767407,
    "duration": 30.643875,
    "meanF0": 175.9621751319173,
    "stdevF0": 42.72012947597939,
    "hnr": 14.492663369364188,
    "local_jitter": 0.02681841529809952,
    "local_absolute_jitter": 0.00015266633461502398,
    "rap_jitter": 0.011046410920115284,
    "ppq5_jitter": 0.01057088277271663,
    "ddp_jitter": 0.03313923276034585,
    "local_shimmer": 0.06501462774063466,
    "localdb_shimmer": 0.6399654203239742,
    "apq3_shimmer": 0.020147811945946677,
    "apq5_shimmer": 0.027902337929370545,
    "apq11_shimmer": 0.05223905303974228,
    "dda_shimmer": 0.06044343583784003,
    "mean_spectral_energy": 0.787811815738678,
    "intensity_mean": 0.02271178364753723,
    "intensity_min": 8.111714123515412e-05,
    "intensity_max": 0.10582038015127182,
    "intensity_range": 0.10573926568031311,
    "intensity_sd": 0.022601990029215813
}