{
    "total_duration": 61.413,
    "total_words": 131,
    "unique_words_count": 86,
    "average_chunk_length_in_words": 3.358974358974359,
    "articulation_rate": 3.0687062240858296,
    "mean_deviation_of_chunks_in_words": 2.082840236686391,
    "duration_of_silences_per_word": 0.14225190839694643,
    "mean_of_silence_duration": 0.49039473684210483,
    "mean_duration_of_long_pauses": 0.725111111111111,
    "frequency_of_longer_pauses_divided_by_number_of_words": 0.13740458015267176,
    "types_divided_by_uttsegdur": 1.4003549737026364,
    "mean_length_of_filled_pauses": 0,
    "frequency_of_filled_pauses": 0.0,
    "f1_mean": 465.3056274977759,
    "f2_mean": 1579.2641223780183,
    "f3_mean": 2727.6633374084513,
    "f4_mean": 3726.876425944507,
    "f1_median": 447.98151640397776,
    "f2_median": 1540.2832503786553,
    "f3_median": 2786.957531149203,
    "f4_median": 3778.5141374974974,
    "duration": 62.61225,
    "meanF0": 162.28614621509976,
    "stdevF0": 30.137957495635735,
    "hnr": 16.207017439374077,
    "local_jitter": 0.02269635331268365,
    "local_absolute_jitter": 0.00014000378255501597,
    "rap_jitter": 0.011359730565896398,
    "ppq5_jitter": 0.010435619969653732,
    "ddp_jitter": 0.03407919169768919,
    "local_shimmer": 0.08774601924966939,
    "localdb_shimmer": 0.8333625771070097,
    "apq3_shimmer": 0.036520212126714385,
    "apq5_shimmer": 0.041640311136142666,
    "apq11_shimmer": 0.07238318137296468,
    "dda_shimmer": 0.10956063638014316,
    "mean_spectral_energy": 0.10443510860204697,
    "intensity_mean": 0.00863249134272337,
    "intensity_min": 7.14410052751191e-05,
    "intensity_max": 0.05899155139923096,
    "intensity_range": 0.05892011150717735,
    "intensity_sd": 0.007848098874092102
}