{
    "total_duration": 61.055,
    "total_words": 106,
    "unique_words_count": 64,
    "average_chunk_length_in_words": 3.0285714285714285,
    "articulation_rate": 3.0033433444778166,
    "mean_deviation_of_chunks_in_words": 1.8644897959183668,
    "duration_of_silences_per_word": 0.23916981132075485,
    "mean_of_silence_duration": 0.7456470588235299,
    "mean_duration_of_long_pauses": 1.1493333333333335,
    "frequency_of_longer_pauses_divided_by_number_of_words": 0.16981132075471697,
    "types_divided_by_uttsegdur": 1.0482351977725002,
    "mean_length_of_filled_pauses": 0.38499999999999907,
    "frequency_of_filled_pauses": 0.09827204979117189,
    "f1_mean": 486.6052628227645,
    "f2_mean": 1638.1769443028238,
    "f3_mean": 2791.769982625458,
    "f4_mean": 3772.5317677213,
    "f1_median": 459.7876361643479,
    "f2_median": 1602.0150166635835,
    "f3_median": 2850.539535160616,
    "f4_median": 3854.361878843407,
    "duration": 66.69,
    "meanF0": 180.8426169926327,
    "stdevF0": 39.52784934172502,
    "hnr": 17.261220599777346,
    "local_jitter": 0.01921468131814499,
    "local_absolute_jitter": 0.00010622683175549688,
    "rap_jitter": 0.009090298266657953,
    "ppq5_jitter": 0.008805810067450022,
    "ddp_jitter": 0.02727089479997386,
    "local_shimmer": 0.06563848196680558,
    "localdb_shimmer": 0.6767485824702548,
    "apq3_shimmer": 0.022784575155720153,
    "apq5_shimmer": 0.0298237772126042,
    "apq11_shimmer": 0.05685635028535855,
    "dda_shimmer": 0.06835372546716045,
    "mean_spectral_energy": 0.11909329146146774,
    "intensity_mean": 0.008686311542987823,
    "intensity_min": 6.926225614733994e-05,
    "intensity_max": 0.048823293298482895,
    "intensity_range": 0.04875403270125389,
    "intensity_sd": 0.008931102231144905
}