{
    "total_duration": 28.672,
    "total_words": 57,
    "unique_words_count": 41,
    "average_chunk_length_in_words": 2.4782608695652173,
    "articulation_rate": 3.142573602381739,
    "mean_deviation_of_chunks_in_words": 1.6219281663516072,
    "duration_of_silences_per_word": 0.18324561403508766,
    "mean_of_silence_duration": 0.4747727272727271,
    "mean_duration_of_long_pauses": 0.7225555555555553,
    "frequency_of_longer_pauses_divided_by_number_of_words": 0.15789473684210525,
    "types_divided_by_uttsegdur": 1.4299665178571428,
    "mean_length_of_filled_pauses": 0.4499999999999993,
    "frequency_of_filled_pauses": 0.034877232142857144,
    "f1_mean": 525.2270082569255,
    "f2_mean": 1639.2305161035647,
    "f3_mean": 2650.256368966246,
    "f4_mean": 3918.7471199458637,
    "f1_median": 495.4437754941929,
    "f2_median": 1551.8549557980416,
    "f3_median": 2681.1325200505507,
    "f4_median": 4027.7281265710267,
    "duration": 29.6381875,
    "meanF0": 210.88822883426255,
    "stdevF0": 31.088356239083712,
    "hnr": 21.752593610466125,
    "local_jitter": 0.01282449720239194,
    "local_absolute_jitter": 6.088295760541547e-05,
    "rap_jitter": 0.004922430695945044,
    "ppq5_jitter": 0.004681562108123482,
    "ddp_jitter": 0.014767292087835133,
    "local_shimmer": 0.041524566986196054,
    "localdb_shimmer": 0.4547179345513088,
    "apq3_shimmer": 0.010912169957933517,
    "apq5_shimmer": 0.016305189516035698,
    "apq11_shimmer": 0.03499046379573158,
    "dda_shimmer": 0.03273650987380055,
    "mean_spectral_energy": 0.4641411006450653,
    "intensity_mean": 0.01808570697903633,
    "intensity_min": 7.046051905490458e-05,
    "intensity_max": 0.07799044996500015,
    "intensity_range": 0.07791998982429504,
    "intensity_sd": 0.016668610274791718
}