{
    "total_duration": 43.498,
    "total_words": 85,
    "unique_words_count": 50,
    "average_chunk_length_in_words": 2.4285714285714284,
    "articulation_rate": 3.160321237358714,
    "mean_deviation_of_chunks_in_words": 1.3714285714285714,
    "duration_of_silences_per_word": 0.19379999999999992,
    "mean_of_silence_duration": 0.48449999999999976,
    "mean_duration_of_long_pauses": 0.819076923076923,
    "frequency_of_longer_pauses_divided_by_number_of_words": 0.15294117647058825,
    "types_divided_by_uttsegdur": 1.1494781369258358,
    "mean_length_of_filled_pauses": 0.4200000000000003,
    "frequency_of_filled_pauses": 0.06896868821555015,
    "f1_mean": 483.6148229845455,
    "f2_mean": 1740.4654890393056,
    "f3_mean": 2632.830531436244,
    "f4_mean": 3894.0323970596287,
    "f1_median": 442.8383848386976,
    "f2_median": 1794.936824946701,
    "f3_median": 2656.348570186126,
    "f4_median": 4022.66256494362,
    "duration": 54.0953125,
    "meanF0": 205.01551512691722,
    "stdevF0": 35.10061003572302,
    "hnr": 20.571290044856276,
    "local_jitter": 0.01485672885469361,
    "local_absolute_jitter": 7.266246313994395e-05,
    "rap_jitter": 0.00628295308212647,
    "ppq5_jitter": 0.0066059001504567,
    "ddp_jitter": 0.01884885924637941,
    "local_shimmer": 0.05377987728860437,
    "localdb_shimmer": 0.5460564838124916,
    "apq3_shimmer": 0.014423352878089574,
    "apq5_shimmer": 0.02191600431746247,
    "apq11_shimmer": 0.04604173816430328,
    "dda_shimmer": 0.04327005863426872,
    "mean_spectral_energy": 0.322843074798584,
    "intensity_mean": 0.014293579384684563,
    "intensity_min": 6.355226651066914e-05,
    "intensity_max": 0.06547372788190842,
    "intensity_range": 0.06541017442941666,
    "intensity_sd": 0.01471269316971302
}