{
    "total_duration": 43.315,
    "total_words": 63,
    "unique_words_count": 46,
    "average_chunk_length_in_words": 2.25,
    "articulation_rate": 3.5447026388341887,
    "mean_deviation_of_chunks_in_words": 1.1428571428571428,
    "duration_of_silences_per_word": 0.38590476190476203,
    "mean_of_silence_duration": 0.9004444444444447,
    "mean_duration_of_long_pauses": 1.257117647058824,
    "frequency_of_longer_pauses_divided_by_number_of_words": 0.2698412698412698,
    "types_divided_by_uttsegdur": 1.061987764054023,
    "mean_length_of_filled_pauses": 0.3375000000000008,
    "frequency_of_filled_pauses": 0.09234676209165417,
    "f1_mean": 419.71828136794124,
    "f2_mean": 1412.8668600154435,
    "f3_mean": 2439.564404824297,
    "f4_mean": 3567.4914362706445,
    "f1_median": 406.3682097067501,
    "f2_median": 1344.8115227675441,
    "f3_median": 2446.3034342668907,
    "f4_median": 3631.17631281524,
    "duration": 52.05,
    "meanF0": 89.36420097102312,
    "stdevF0": 12.088720111450705,
    "hnr": 13.598674864031521,
    "local_jitter": 0.025777768939753455,
    "local_absolute_jitter": 0.0002902082055967077,
    "rap_jitter": 0.009009815397300227,
    "ppq5_jitter": 0.010041562398010798,
    "ddp_jitter": 0.02702944619190068,
    "local_shimmer": 0.08131668650580588,
    "localdb_shimmer": 0.7599671500267041,
    "apq3_shimmer": 0.02335199093834461,
    "apq5_shimmer": 0.03956405054608508,
    "apq11_shimmer": 0.08276004918516947,
    "dda_shimmer": 0.07005597281503383,
    "mean_spectral_energy": 0.0808986946940422,
    "intensity_mean": 0.005663662683218718,
    "intensity_min": 8.335940219694749e-05,
    "intensity_max": 0.046654414385557175,
    "intensity_range": 0.04657105356454849,
    "intensity_sd": 0.008564663119614124
}