{
    "total_duration": 44.004,
    "total_words": 61,
    "unique_words_count": 40,
    "average_chunk_length_in_words": 2.1785714285714284,
    "articulation_rate": 3.384188626907074,
    "mean_deviation_of_chunks_in_words": 1.385204081632653,
    "duration_of_silences_per_word": 0.4136065573770492,
    "mean_of_silence_duration": 0.9344444444444444,
    "mean_duration_of_long_pauses": 1.218421052631579,
    "frequency_of_longer_pauses_divided_by_number_of_words": 0.3114754098360656,
    "types_divided_by_uttsegdur": 0.909008271975275,
    "mean_length_of_filled_pauses": 0.3450000000000004,
    "frequency_of_filled_pauses": 0.04545041359876375,
    "f1_mean": 410.00016970684743,
    "f2_mean": 1464.3507944502464,
    "f3_mean": 2389.842647687418,
    "f4_mean": 3590.235812664874,
    "f1_median": 391.45301943490745,
    "f2_median": 1447.6618287508072,
    "f3_median": 2418.714669254402,
    "f4_median": 3639.6399436071624,
    "duration": 45.39,
    "meanF0": 90.12382207718346,
    "stdevF0": 10.927576112765625,
    "hnr": 15.999728186907776,
    "local_jitter": 0.022722104372084006,
    "local_absolute_jitter": 0.0002534993707618157,
    "rap_jitter": 0.007163060357951294,
    "ppq5_jitter": 0.00932379323302959,
    "ddp_jitter": 0.021489181073853884,
    "local_shimmer": 0.07637139566451578,
    "localdb_shimmer": 0.7528923199859883,
    "apq3_shimmer": 0.018114973369753512,
    "apq5_shimmer": 0.030161330353630302,
    "apq11_shimmer": 0.07182730481408968,
    "dda_shimmer": 0.054344920109260536,
    "mean_spectral_energy": 0.0865895077586174,
    "intensity_mean": 0.0058793555945158005,
    "intensity_min": 7.949647260829806e-05,
    "intensity_max": 0.06712283194065094,
    "intensity_range": 0.06704333424568176,
    "intensity_sd": 0.008847866207361221
}