{
    "total_duration": 27.644,
    "total_words": 62,
    "unique_words_count": 35,
    "average_chunk_length_in_words": 4.133333333333334,
    "articulation_rate": 3.3642628466004663,
    "mean_deviation_of_chunks_in_words": 1.9288888888888889,
    "duration_of_silences_per_word": 0.14751612903225803,
    "mean_of_silence_duration": 0.6532857142857141,
    "mean_duration_of_long_pauses": 1.140833333333333,
    "frequency_of_longer_pauses_divided_by_number_of_words": 0.0967741935483871,
    "types_divided_by_uttsegdur": 1.2660975256836928,
    "mean_length_of_filled_pauses": 0,
    "frequency_of_filled_pauses": 0.0,
    "f1_mean": 418.34874977369714,
    "f2_mean": 1341.7817186287018,
    "f3_mean": 2331.0504542720996,
    "f4_mean": 3585.634243889417,
    "f1_median": 391.3873166336027,
    "f2_median": 1276.6901315250666,
    "f3_median": 2317.1278063990153,
    "f4_median": 3607.6185223082202,
    "duration": 33.1253125,
    "meanF0": 97.0865028896372,
    "stdevF0": 14.289202637436485,
    "hnr": 14.875742858647463,
    "local_jitter": 0.02414959990014132,
    "local_absolute_jitter": 0.00024910460016334,
    "rap_jitter": 0.007249413165803279,
    "ppq5_jitter": 0.008975229225876407,
    "ddp_jitter": 0.021748239497409838,
    "local_shimmer": 0.08731008741475514,
    "localdb_shimmer": 0.8671779210440353,
    "apq3_shimmer": 0.01985092435743435,
    "apq5_shimmer": 0.036607335241188504,
    "apq11_shimmer": 0.10475777660138783,
    "dda_shimmer": 0.05955277307230304,
    "mean_spectral_energy": 0.08480250835418701,
    "intensity_mean": 0.006704430561512709,
    "intensity_min": 6.848802149761468e-05,
    "intensity_max": 0.036175671964883804,
    "intensity_range": 0.03610718250274658,
    "intensity_sd": 0.008097796700894833
}