{
    "total_duration": 31.47,
    "total_words": 59,
    "unique_words_count": 43,
    "average_chunk_length_in_words": 2.95,
    "articulation_rate": 3.660276692102488,
    "mean_deviation_of_chunks_in_words": 2.325,
    "duration_of_silences_per_word": 0.2586779661016949,
    "mean_of_silence_duration": 0.8032631578947369,
    "mean_duration_of_long_pauses": 0.9346000000000001,
    "frequency_of_longer_pauses_divided_by_number_of_words": 0.2542372881355932,
    "types_divided_by_uttsegdur": 1.3663806800127105,
    "mean_length_of_filled_pauses": 0,
    "frequency_of_filled_pauses": 0.0,
    "f1_mean": 435.8310052459233,
    "f2_mean": 1388.7517555842674,
    "f3_mean": 2347.463745919197,
    "f4_mean": 3594.4140473950515,
    "f1_median": 410.7590334858222,
    "f2_median": 1292.8327468268035,
    "f3_median": 2341.7410641038523,
    "f4_median": 3620.334864137801,
    "duration": 33.306125,
    "meanF0": 95.43303726342539,
    "stdevF0": 13.701677217386905,
    "hnr": 15.37446054461244,
    "local_jitter": 0.026058690230705953,
    "local_absolute_jitter": 0.0002749789266219312,
    "rap_jitter": 0.00862562559144029,
    "ppq5_jitter": 0.01022122533372125,
    "ddp_jitter": 0.02587687677432087,
    "local_shimmer": 0.08281739886364596,
    "localdb_shimmer": 0.8298656801063784,
    "apq3_shimmer": 0.020334341756943198,
    "apq5_shimmer": 0.03567091292744775,
    "apq11_shimmer": 0.08644019880315644,
    "dda_shimmer": 0.0610030252708296,
    "mean_spectral_energy": 0.08128390461206436,
    "intensity_mean": 0.006552896928042173,
    "intensity_min": 7.37747031962499e-05,
    "intensity_max": 0.0349268764257431,
    "intensity_range": 0.03485310077667236,
    "intensity_sd": 0.007937117479741573
}