{
    "total_duration": 89.851,
    "total_words": 198,
    "unique_words_count": 102,
    "average_chunk_length_in_words": 3.96,
    "articulation_rate": 3.843988429206545,
    "mean_deviation_of_chunks_in_words": 2.0000000000000004,
    "duration_of_silences_per_word": 0.18356060606060598,
    "mean_of_silence_duration": 0.7417346938775508,
    "mean_duration_of_long_pauses": 1.1736799999999992,
    "frequency_of_longer_pauses_divided_by_number_of_words": 0.12626262626262627,
    "types_divided_by_uttsegdur": 1.1352127410935884,
    "mean_length_of_filled_pauses": 0.4733333333333326,
    "frequency_of_filled_pauses": 0.10016583009649309,
    "f1_mean": 413.8203237710061,
    "f2_mean": 1530.1200230083073,
    "f3_mean": 2549.840163487384,
    "f4_mean": 3166.065781992975,
    "f1_median": 382.799433561673,
    "f2_median": 1440.1539846302235,
    "f3_median": 2549.0987678229462,
    "f4_median": 3091.875627964035,
    "duration": 90.0,
    "meanF0": 128.21087211958832,
    "stdevF0": 17.863819287655943,
    "hnr": 13.132142391952351,
    "local_jitter": 0.019455368422328714,
    "local_absolute_jitter": 0.00015196087307929617,
    "rap_jitter": 0.008671633864132472,
    "ppq5_jitter": 0.009896739765993603,
    "ddp_jitter": 0.026014901592397416,
    "local_shimmer": 0.10760633041352193,
    "localdb_shimmer": 1.0675206133100252,
    "apq3_shimmer": 0.03807627490934516,
    "apq5_shimmer": 0.05945358097724655,
    "apq11_shimmer": 0.10862347222902634,
    "dda_shimmer": 0.11422882472803549,
    "mean_spectral_energy": 1.7299619913101196,
    "intensity_mean": 0.03465956449508667,
    "intensity_min": 0.0006537108565680683,
    "intensity_max": 0.1915348619222641,
    "intensity_range": 0.19088114798069,
    "intensity_sd": 0.032456960529088974
}