{
    "total_duration": 57.308,
    "total_words": 101,
    "unique_words_count": 53,
    "average_chunk_length_in_words": 3.0606060606060606,
    "articulation_rate": 3.4006734006734005,
    "mean_deviation_of_chunks_in_words": 1.6565656565656572,
    "duration_of_silences_per_word": 0.254039603960396,
    "mean_of_silence_duration": 0.8018124999999998,
    "mean_duration_of_long_pauses": 1.1552777777777778,
    "frequency_of_longer_pauses_divided_by_number_of_words": 0.1782178217821782,
    "types_divided_by_uttsegdur": 0.9248272492496684,
    "mean_length_of_filled_pauses": 0.46349999999999997,
    "frequency_of_filled_pauses": 0.34899141481119567,
    "asr_score": 0.7805247524752477,
    "f1_mean": 423.68725256675435,
    "f2_mean": 1588.6007910315232,
    "f3_mean": 2681.0534878609938,
    "f4_mean": 3666.542119899135,
    "f1_median": 387.9179284031225,
    "f2_median": 1526.407002256117,
    "f3_median": 2727.215479138242,
    "f4_median": 3675.793726693882,
    "duration": 63.4335,
    "meanF0": 134.8956773633529,
    "stdevF0": 24.024770381019582,
    "hnr": 16.135426758222362,
    "local_jitter": 0.01956697056062366,
    "local_absolute_jitter": 0.0001453642087335301,
    "rap_jitter": 0.006909177489380671,
    "ppq5_jitter": 0.009075352533443774,
    "ddp_jitter": 0.020727532468142015,
    "local_shimmer": 0.0688800314316592,
    "localdb_shimmer": 0.6626912965281513,
    "apq3_shimmer": 0.01904848748720987,
    "apq5_shimmer": 0.030811847058807778,
    "apq11_shimmer": 0.06319583656575171,
    "dda_shimmer": 0.057145462461629604,
    "mean_spectral_energy": 4.290971755981445,
    "intensity_mean": 0.05548325926065445,
    "intensity_min": 8.494037319906056e-05,
    "intensity_max": 0.37948712706565857,
    "intensity_range": 0.37940219044685364,
    "intensity_sd": 0.05014245584607124
}