{
    "total_duration": 42.764,
    "total_words": 98,
    "unique_words_count": 52,
    "average_chunk_length_in_words": 3.92,
    "articulation_rate": 3.6704119850187262,
    "mean_deviation_of_chunks_in_words": 1.9904,
    "duration_of_silences_per_word": 0.13808163265306125,
    "mean_of_silence_duration": 0.5638333333333334,
    "mean_duration_of_long_pauses": 0.8826363636363634,
    "frequency_of_longer_pauses_divided_by_number_of_words": 0.11224489795918367,
    "types_divided_by_uttsegdur": 1.2159760546253857,
    "mean_length_of_filled_pauses": 0.40000000000000036,
    "frequency_of_filled_pauses": 0.1403049293798522,
    "asr_score": 0.7412142857142854,
    "f1_mean": 400.3947784786597,
    "f2_mean": 1504.151367518351,
    "f3_mean": 2587.7331423216247,
    "f4_mean": 3596.5422399618647,
    "f1_median": 366.29661342675627,
    "f2_median": 1468.905516608315,
    "f3_median": 2615.443479845851,
    "f4_median": 3596.1099566991543,
    "duration": 50.97,
    "meanF0": 119.84695485042388,
    "stdevF0": 12.063919090476588,
    "hnr": 18.03154294750284,
    "local_jitter": 0.01796177122780724,
    "local_absolute_jitter": 0.00014992863781122136,
    "rap_jitter": 0.006507752833463379,
    "ppq5_jitter": 0.008585377149544465,
    "ddp_jitter": 0.019523258500390137,
    "local_shimmer": 0.06003125719668692,
    "localdb_shimmer": 0.5829132006117084,
    "apq3_shimmer": 0.01750857764860913,
    "apq5_shimmer": 0.028168667516440482,
    "apq11_shimmer": 0.05648395103079777,
    "dda_shimmer": 0.05252573294582739,
    "mean_spectral_energy": 3.2797915935516357,
    "intensity_mean": 0.048838261514902115,
    "intensity_min": 6.227558333193883e-05,
    "intensity_max": 0.24059094488620758,
    "intensity_range": 0.2405286729335785,
    "intensity_sd": 0.043469030410051346
}