{
    "total_duration": 31.079,
    "total_words": 66,
    "unique_words_count": 36,
    "average_chunk_length_in_words": 2.75,
    "articulation_rate": 3.771644093948225,
    "mean_deviation_of_chunks_in_words": 1.4791666666666667,
    "duration_of_silences_per_word": 0.20107575757575755,
    "mean_of_silence_duration": 0.5769999999999998,
    "mean_duration_of_long_pauses": 0.9099999999999998,
    "frequency_of_longer_pauses_divided_by_number_of_words": 0.16666666666666666,
    "types_divided_by_uttsegdur": 1.1583384278773448,
    "mean_length_of_filled_pauses": 0.34000000000000047,
    "frequency_of_filled_pauses": 0.09652820232311207,
    "asr_score": 0.7527727272727271,
    "f1_mean": 442.2866337508094,
    "f2_mean": 1490.830815701693,
    "f3_mean": 2603.4106058668845,
    "f4_mean": 3681.7251671280114,
    "f1_median": 409.68395648983824,
    "f2_median": 1428.5906352473673,
    "f3_median": 2620.3429984599547,
    "f4_median": 3656.73510660298,
    "duration": 33.338875,
    "meanF0": 128.61911810806535,
    "stdevF0": 16.712362131721058,
    "hnr": 17.137047862007453,
    "local_jitter": 0.016235185185577327,
    "local_absolute_jitter": 0.00012616160946111887,
    "rap_jitter": 0.006061403624691986,
    "ppq5_jitter": 0.007542680070010042,
    "ddp_jitter": 0.018184210874075957,
    "local_shimmer": 0.058948475838338135,
    "localdb_shimmer": 0.5577083156819755,
    "apq3_shimmer": 0.01532505159080825,
    "apq5_shimmer": 0.024772879018795775,
    "apq11_shimmer": 0.04705188589384546,
    "dda_shimmer": 0.04597515477242475,
    "mean_spectral_energy": 3.8774428367614746,
    "intensity_mean": 0.047841012477874756,
    "intensity_min": 0.00013533636229112744,
    "intensity_max": 0.297604501247406,
    "intensity_range": 0.2974691689014435,
    "intensity_sd": 0.0525825060904026
}