{
    "total_duration": 25.411,
    "total_words": 42,
    "unique_words_count": 28,
    "average_chunk_length_in_words": 2.1,
    "articulation_rate": 3.64900086880973,
    "mean_deviation_of_chunks_in_words": 0.8399999999999999,
    "duration_of_silences_per_word": 0.32933333333333337,
    "mean_of_silence_duration": 0.7280000000000001,
    "mean_duration_of_long_pauses": 1.0372727272727273,
    "frequency_of_longer_pauses_divided_by_number_of_words": 0.2619047619047619,
    "types_divided_by_uttsegdur": 1.1018850104285545,
    "mean_length_of_filled_pauses": 0.3499999999999999,
    "frequency_of_filled_pauses": 0.11805910826020227,
    "asr_score": 0.7854761904761905,
    "f1_mean": 427.86519146249594,
    "f2_mean": 1505.152723475875,
    "f3_mean": 2667.815177293775,
    "f4_mean": 3615.121369750311,
    "f1_median": 390.1355342752129,
    "f2_median": 1438.6041617805745,
    "f3_median": 2668.9052319926286,
    "f4_median": 3673.128668393776,
    "duration": 35.2,
    "meanF0": 137.80437298304835,
    "stdevF0": 27.25929502339334,
    "hnr": 16.42437547326466,
    "local_jitter": 0.026267273683114552,
    "local_absolute_jitter": 0.0001915084952872752,
    "rap_jitter": 0.008950263821186617,
    "ppq5_jitter": 0.010788283357869405,
    "ddp_jitter": 0.02685079146355985,
    "local_shimmer": 0.08105085753554803,
    "localdb_shimmer": 0.8611425564627904,
    "apq3_shimmer": 0.018032406884803443,
    "apq5_shimmer": 0.031105646800332152,
    "apq11_shimmer": 0.0728395662932357,
    "dda_shimmer": 0.05409722065441033,
    "mean_spectral_energy": 3.492906332015991,
    "intensity_mean": 0.03687473013997078,
    "intensity_min": 0.00014452541654463857,
    "intensity_max": 0.32569992542266846,
    "intensity_range": 0.3255554139614105,
    "intensity_sd": 0.056504394859075546
}