{
    "total_duration": 55.181,
    "total_words": 49,
    "unique_words_count": 36,
    "average_chunk_length_in_words": 1.5806451612903225,
    "articulation_rate": 3.2684098185699053,
    "mean_deviation_of_chunks_in_words": 0.6742976066597295,
    "duration_of_silences_per_word": 0.816734693877551,
    "mean_of_silence_duration": 1.334,
    "mean_duration_of_long_pauses": 2.1127058823529414,
    "frequency_of_longer_pauses_divided_by_number_of_words": 0.3469387755102041,
    "types_divided_by_uttsegdur": 0.6523984704880303,
    "mean_length_of_filled_pauses": 0.44000000000000017,
    "frequency_of_filled_pauses": 0.21746615682934345,
    "asr_score": 0.8156530612244897,
    "f1_mean": 436.204970939764,
    "f2_mean": 1556.2212946916513,
    "f3_mean": 2633.6101990436705,
    "f4_mean": 3560.743568350418,
    "f1_median": 389.8770124733052,
    "f2_median": 1488.8022017618237,
    "f3_median": 2621.8807007474034,
    "f4_median": 3594.3764946211204,
    "duration": 64.26,
    "meanF0": 140.99748811199703,
    "stdevF0": 23.69008637589119,
    "hnr": 16.285481035803514,
    "local_jitter": 0.02268656770484881,
    "local_absolute_jitter": 0.0001616789466137902,
    "rap_jitter": 0.007757638811304948,
    "ppq5_jitter": 0.009514130285718072,
    "ddp_jitter": 0.023272916433914846,
    "local_shimmer": 0.0750919200628475,
    "localdb_shimmer": 0.7830013689472077,
    "apq3_shimmer": 0.019533451798549088,
    "apq5_shimmer": 0.03073963759506156,
    "apq11_shimmer": 0.0707726472063531,
    "dda_shimmer": 0.058600355395647265,
    "mean_spectral_energy": 4.35584020614624,
    "intensity_mean": 0.039445988833904266,
    "intensity_min": 0.00013828196097165346,
    "intensity_max": 0.333010733127594,
    "intensity_range": 0.3328724503517151,
    "intensity_sd": 0.06419673562049866
}