{
    "total_duration": 50.776,
    "total_words": 58,
    "unique_words_count": 43,
    "average_chunk_length_in_words": 1.7575757575757576,
    "articulation_rate": 3.1176091163190707,
    "mean_deviation_of_chunks_in_words": 0.8264462809917356,
    "duration_of_silences_per_word": 0.5524655172413794,
    "mean_of_silence_duration": 1.0013437500000002,
    "mean_duration_of_long_pauses": 1.7360625000000005,
    "frequency_of_longer_pauses_divided_by_number_of_words": 0.27586206896551724,
    "types_divided_by_uttsegdur": 0.8468567827319993,
    "mean_length_of_filled_pauses": 0.4130769230769232,
    "frequency_of_filled_pauses": 0.2560264691980463,
    "asr_score": 0.8013275862068966,
    "f1_mean": 440.4283444869871,
    "f2_mean": 1493.033561798386,
    "f3_mean": 2724.138158965672,
    "f4_mean": 3632.236807540523,
    "f1_median": 397.4887538642594,
    "f2_median": 1388.5810245621103,
    "f3_median": 2706.31914359614,
    "f4_median": 3675.3161106544235,
    "duration": 59.09,
    "meanF0": 136.91956142072718,
    "stdevF0": 22.346528240032804,
    "hnr": 16.65355768824768,
    "local_jitter": 0.022515935388751768,
    "local_absolute_jitter": 0.00016459415622224356,
    "rap_jitter": 0.007963910622738872,
    "ppq5_jitter": 0.009300625411150362,
    "ddp_jitter": 0.023891731868216616,
    "local_shimmer": 0.07374564025347545,
    "localdb_shimmer": 0.7919699265123731,
    "apq3_shimmer": 0.01945120325865954,
    "apq5_shimmer": 0.03167811787984244,
    "apq11_shimmer": 0.0731311140680874,
    "dda_shimmer": 0.058353609775978615,
    "mean_spectral_energy": 4.316924571990967,
    "intensity_mean": 0.04411270469427109,
    "intensity_min": 0.00012614009028766304,
    "intensity_max": 0.3829992413520813,
    "intensity_range": 0.3828730881214142,
    "intensity_sd": 0.06066753342747688
}