{
    "total_duration": 28.23,
    "total_words": 54,
    "unique_words_count": 31,
    "average_chunk_length_in_words": 2.25,
    "articulation_rate": 3.5085439542589807,
    "mean_deviation_of_chunks_in_words": 1.0208333333333333,
    "duration_of_silences_per_word": 0.23648148148148135,
    "mean_of_silence_duration": 0.5552173913043476,
    "mean_duration_of_long_pauses": 0.8693333333333335,
    "frequency_of_longer_pauses_divided_by_number_of_words": 0.16666666666666666,
    "types_divided_by_uttsegdur": 1.098122564647538,
    "mean_length_of_filled_pauses": 0.2699999999999996,
    "frequency_of_filled_pauses": 0.035423308537017355,
    "asr_score": 0.8114629629629626,
    "f1_mean": 434.27299138180757,
    "f2_mean": 1593.0342596328526,
    "f3_mean": 2755.61637414579,
    "f4_mean": 3650.15511259669,
    "f1_median": 381.2119240745816,
    "f2_median": 1570.7128589283288,
    "f3_median": 2754.20844502222,
    "f4_median": 3738.797690322366,
    "duration": 32.912125,
    "meanF0": 142.77836670052992,
    "stdevF0": 31.106056213061947,
    "hnr": 16.49774202331124,
    "local_jitter": 0.02243091799547528,
    "local_absolute_jitter": 0.00015789028575038271,
    "rap_jitter": 0.0069927080980594445,
    "ppq5_jitter": 0.009010225137680256,
    "ddp_jitter": 0.020978124294178335,
    "local_shimmer": 0.07752817074394079,
    "localdb_shimmer": 0.8056850558919222,
    "apq3_shimmer": 0.020368364803061964,
    "apq5_shimmer": 0.030602102468964366,
    "apq11_shimmer": 0.0710984373358924,
    "dda_shimmer": 0.06110509440918589,
    "mean_spectral_energy": 4.515285968780518,
    "intensity_mean": 0.04785663262009621,
    "intensity_min": 0.0001456334866816178,
    "intensity_max": 0.2308696210384369,
    "intensity_range": 0.23072399199008942,
    "intensity_sd": 0.05995628610253334
}