{
    "total_duration": 29.064,
    "total_words": 75,
    "unique_words_count": 32,
    "average_chunk_length_in_words": 3.5714285714285716,
    "articulation_rate": 4.451566951566953,
    "mean_deviation_of_chunks_in_words": 1.9863945578231286,
    "duration_of_silences_per_word": 0.16196000000000008,
    "mean_of_silence_duration": 0.6073500000000003,
    "mean_duration_of_long_pauses": 0.858727272727273,
    "frequency_of_longer_pauses_divided_by_number_of_words": 0.14666666666666667,
    "types_divided_by_uttsegdur": 1.1010184420589044,
    "mean_length_of_filled_pauses": 0.3825000000000002,
    "frequency_of_filled_pauses": 0.13762730525736305,
    "asr_score": 0.7880666666666666,
    "f1_mean": 418.85581035264005,
    "f2_mean": 1572.914944548566,
    "f3_mean": 2517.66990333922,
    "f4_mean": 3514.3817014444708,
    "f1_median": 370.34952765568124,
    "f2_median": 1494.9570721869975,
    "f3_median": 2447.542826610327,
    "f4_median": 3509.3804397997806,
    "duration": 34.03,
    "meanF0": 108.35498122955273,
    "stdevF0": 12.143002703482136,
    "hnr": 14.75688066801558,
    "local_jitter": 0.022320183904792384,
    "local_absolute_jitter": 0.0002062625212841803,
    "rap_jitter": 0.009713277410825916,
    "ppq5_jitter": 0.009471831723272388,
    "ddp_jitter": 0.02913983223247775,
    "local_shimmer": 0.07206906875599522,
    "localdb_shimmer": 0.730160401977532,
    "apq3_shimmer": 0.022414856956537915,
    "apq5_shimmer": 0.033285528709366005,
    "apq11_shimmer": 0.07024175887313516,
    "dda_shimmer": 0.06724457086961375,
    "mean_spectral_energy": 2.7715585231781006,
    "intensity_mean": 0.040677811950445175,
    "intensity_min": 0.00044176969095133245,
    "intensity_max": 0.22470632195472717,
    "intensity_range": 0.22426454722881317,
    "intensity_sd": 0.04424510523676872
}