{
    "total_duration": 48.717,
    "total_words": 102,
    "unique_words_count": 53,
    "average_chunk_length_in_words": 3.4,
    "articulation_rate": 4.127048351203723,
    "mean_deviation_of_chunks_in_words": 2.0399999999999996,
    "duration_of_silences_per_word": 0.23424509803921575,
    "mean_of_silence_duration": 0.8238965517241382,
    "mean_duration_of_long_pauses": 1.1070000000000004,
    "frequency_of_longer_pauses_divided_by_number_of_words": 0.18627450980392157,
    "types_divided_by_uttsegdur": 1.087915922573229,
    "mean_length_of_filled_pauses": 0.3942857142857145,
    "frequency_of_filled_pauses": 0.14368700864174724,
    "asr_score": 0.7764901960784315,
    "f1_mean": 413.1862239943622,
    "f2_mean": 1597.8528242957846,
    "f3_mean": 2574.551784853132,
    "f4_mean": 3615.8748913914383,
    "f1_median": 356.40511933066193,
    "f2_median": 1516.9202683779567,
    "f3_median": 2495.7372886705048,
    "f4_median": 3686.8453878917026,
    "duration": 53.28,
    "meanF0": 105.93743736142277,
    "stdevF0": 9.500756129336114,
    "hnr": 15.93523673739629,
    "local_jitter": 0.020295009995925584,
    "local_absolute_jitter": 0.00019156643346730751,
    "rap_jitter": 0.009262647936049289,
    "ppq5_jitter": 0.008564979457168859,
    "ddp_jitter": 0.027787943808147867,
    "local_shimmer": 0.07909047720989039,
    "localdb_shimmer": 0.8458658193815043,
    "apq3_shimmer": 0.023970897595476916,
    "apq5_shimmer": 0.035024863277869016,
    "apq11_shimmer": 0.07915504577807833,
    "dda_shimmer": 0.07191269278643075,
    "mean_spectral_energy": 1.8842604160308838,
    "intensity_mean": 0.03385666012763977,
    "intensity_min": 0.0003564729995559901,
    "intensity_max": 0.170773446559906,
    "intensity_range": 0.17041698098182678,
    "intensity_sd": 0.03618817776441574
}