{
    "total_duration": 57.494,
    "total_words": 64,
    "unique_words_count": 45,
    "average_chunk_length_in_words": 1.7777777777777777,
    "articulation_rate": 2.023587441110444,
    "mean_deviation_of_chunks_in_words": 0.7345679012345679,
    "duration_of_silences_per_word": 0.39653125000000017,
    "mean_of_silence_duration": 0.7250857142857146,
    "mean_duration_of_long_pauses": 1.0131428571428571,
    "frequency_of_longer_pauses_divided_by_number_of_words": 0.328125,
    "types_divided_by_uttsegdur": 0.7826903676905417,
    "mean_length_of_filled_pauses": 0.4960000000000001,
    "frequency_of_filled_pauses": 0.26089678923018056,
    "asr_score": 0.79775,
    "f1_mean": 473.24933039343614,
    "f2_mean": 1462.0774539905551,
    "f3_mean": 2472.6659934906893,
    "f4_mean": 3466.8297528090498,
    "f1_median": 460.29248079199823,
    "f2_median": 1469.007876570079,
    "f3_median": 2515.4288796712053,
    "f4_median": 3482.8814936651047,
    "duration": 62.16,
    "meanF0": 99.6936052654928,
    "stdevF0": 16.467076179810746,
    "hnr": 15.718818402086011,
    "local_jitter": 0.02052205050919019,
    "local_absolute_jitter": 0.00020629677827402925,
    "rap_jitter": 0.008076114335837555,
    "ppq5_jitter": 0.008295907511923715,
    "ddp_jitter": 0.024228343007512664,
    "local_shimmer": 0.06047837416827926,
    "localdb_shimmer": 0.6305952092099096,
    "apq3_shimmer": 0.019284631521510782,
    "apq5_shimmer": 0.027925938394849074,
    "apq11_shimmer": 0.04640065579952148,
    "dda_shimmer": 0.05785389456453235,
    "mean_spectral_energy": 3.146174907684326,
    "intensity_mean": 0.04747453331947327,
    "intensity_min": 0.00011250896204728633,
    "intensity_max": 0.1769668459892273,
    "intensity_range": 0.17685434222221375,
    "intensity_sd": 0.04297316446900368
}