{
    "total_duration": 28.175,
    "total_words": 31,
    "unique_words_count": 23,
    "average_chunk_length_in_words": 2.5833333333333335,
    "articulation_rate": 2.5958800870875893,
    "mean_deviation_of_chunks_in_words": 1.1805555555555556,
    "duration_of_silences_per_word": 0.417516129032258,
    "mean_of_silence_duration": 1.1766363636363635,
    "mean_duration_of_long_pauses": 1.4953749999999992,
    "frequency_of_longer_pauses_divided_by_number_of_words": 0.25806451612903225,
    "types_divided_by_uttsegdur": 0.8163265306122449,
    "mean_length_of_filled_pauses": 0.6499999999999998,
    "frequency_of_filled_pauses": 0.2129547471162378,
    "asr_score": 0.841290322580645,
    "f1_mean": 449.85437447392786,
    "f2_mean": 1401.5658719761038,
    "f3_mean": 2511.207122327358,
    "f4_mean": 3448.1294899458003,
    "f1_median": 422.2020486223162,
    "f2_median": 1427.3244397041783,
    "f3_median": 2548.0849779658124,
    "f4_median": 3450.917244309584,
    "duration": 34.74,
    "meanF0": 102.07172034916141,
    "stdevF0": 17.082232855017725,
    "hnr": 16.801336160547965,
    "local_jitter": 0.021620912081015933,
    "local_absolute_jitter": 0.00021229319211725728,
    "rap_jitter": 0.00961840168701147,
    "ppq5_jitter": 0.009673511224002332,
    "ddp_jitter": 0.028855205061034412,
    "local_shimmer": 0.06423245070573305,
    "localdb_shimmer": 0.6401903210431701,
    "apq3_shimmer": 0.020411924853116208,
    "apq5_shimmer": 0.029118583331491362,
    "apq11_shimmer": 0.05275126903690194,
    "dda_shimmer": 0.06123577455934862,
    "mean_spectral_energy": 1.8413350582122803,
    "intensity_mean": 0.030861252918839455,
    "intensity_min": 9.361610864289105e-05,
    "intensity_max": 0.21766412258148193,
    "intensity_range": 0.21757051348686218,
    "intensity_sd": 0.03804513439536095
}