{
    "total_duration": 55.868,
    "total_words": 66,
    "unique_words_count": 51,
    "average_chunk_length_in_words": 1.9411764705882353,
    "articulation_rate": 2.2013207924754847,
    "mean_deviation_of_chunks_in_words": 0.8858131487889274,
    "duration_of_silences_per_word": 0.3772121212121211,
    "mean_of_silence_duration": 0.7544242424242422,
    "mean_duration_of_long_pauses": 1.2078823529411762,
    "frequency_of_longer_pauses_divided_by_number_of_words": 0.25757575757575757,
    "types_divided_by_uttsegdur": 0.9128660413832606,
    "mean_length_of_filled_pauses": 0.4500000000000001,
    "frequency_of_filled_pauses": 0.34008734875062646,
    "asr_score": 0.7832272727272727,
    "f1_mean": 476.3173198575534,
    "f2_mean": 1418.2444345733356,
    "f3_mean": 2464.949634074128,
    "f4_mean": 3443.3478514037656,
    "f1_median": 454.1496983831115,
    "f2_median": 1416.1170205154704,
    "f3_median": 2484.212066874023,
    "f4_median": 3451.139013272185,
    "duration": 61.51,
    "meanF0": 102.27346258846454,
    "stdevF0": 17.418617565351596,
    "hnr": 15.906039494940574,
    "local_jitter": 0.020940596315435548,
    "local_absolute_jitter": 0.00020529527399525466,
    "rap_jitter": 0.008243634273755884,
    "ppq5_jitter": 0.009043922751947616,
    "ddp_jitter": 0.02473090282126765,
    "local_shimmer": 0.06891947939997362,
    "localdb_shimmer": 0.6692586308292438,
    "apq3_shimmer": 0.02130865285451551,
    "apq5_shimmer": 0.030094542232063717,
    "apq11_shimmer": 0.054263024904190785,
    "dda_shimmer": 0.06392595856354653,
    "mean_spectral_energy": 1.7197704315185547,
    "intensity_mean": 0.03415583074092865,
    "intensity_min": 0.00012519095616880804,
    "intensity_max": 0.15506498515605927,
    "intensity_range": 0.15493980050086975,
    "intensity_sd": 0.032784927636384964
}