{
    "total_duration": 43.472,
    "total_words": 49,
    "unique_words_count": 40,
    "average_chunk_length_in_words": 1.8846153846153846,
    "articulation_rate": 1.8101887768295841,
    "mean_deviation_of_chunks_in_words": 1.0207100591715976,
    "duration_of_silences_per_word": 0.28718367346938795,
    "mean_of_silence_duration": 0.5628800000000004,
    "mean_duration_of_long_pauses": 1.0760000000000003,
    "frequency_of_longer_pauses_divided_by_number_of_words": 0.16326530612244897,
    "types_divided_by_uttsegdur": 0.9201324990798675,
    "mean_length_of_filled_pauses": 0.5099999999999998,
    "frequency_of_filled_pauses": 0.1380198748619801,
    "asr_score": 0.7825714285714285,
    "f1_mean": 436.9106434592546,
    "f2_mean": 1484.9092618620944,
    "f3_mean": 2421.422473171586,
    "f4_mean": 3468.937645917214,
    "f1_median": 410.9396281772467,
    "f2_median": 1484.0329400621724,
    "f3_median": 2439.2249173224163,
    "f4_median": 3514.8372030606274,
    "duration": 49.8,
    "meanF0": 93.03977961166551,
    "stdevF0": 13.72801168021823,
    "hnr": 16.563698453531163,
    "local_jitter": 0.022306605430398065,
    "local_absolute_jitter": 0.0002401777353405905,
    "rap_jitter": 0.009659135210829518,
    "ppq5_jitter": 0.00905074534488305,
    "ddp_jitter": 0.028977405632488552,
    "local_shimmer": 0.06633258998325939,
    "localdb_shimmer": 0.6463225694742298,
    "apq3_shimmer": 0.02218228591713293,
    "apq5_shimmer": 0.029576770941718587,
    "apq11_shimmer": 0.05063904586477533,
    "dda_shimmer": 0.06654685775139879,
    "mean_spectral_energy": 4.476117134094238,
    "intensity_mean": 0.05532558634877205,
    "intensity_min": 0.00011452080798335373,
    "intensity_max": 0.2568972706794739,
    "intensity_range": 0.25678274035453796,
    "intensity_sd": 0.05265975371003151
}