{
    "total_duration": 43.125,
    "total_words": 85,
    "unique_words_count": 44,
    "average_chunk_length_in_words": 3.8636363636363638,
    "articulation_rate": 2.9884330063636035,
    "mean_deviation_of_chunks_in_words": 2.3057851239669422,
    "duration_of_silences_per_word": 0.17191764705882345,
    "mean_of_silence_duration": 0.6958571428571425,
    "mean_duration_of_long_pauses": 1.0663636363636357,
    "frequency_of_longer_pauses_divided_by_number_of_words": 0.12941176470588237,
    "types_divided_by_uttsegdur": 1.0202898550724637,
    "mean_length_of_filled_pauses": 0.4250000000000013,
    "frequency_of_filled_pauses": 0.1391304347826087,
    "asr_score": 0.7449764705882352,
    "f1_mean": 443.1274835603309,
    "f2_mean": 1811.0715188892193,
    "f3_mean": 2703.9295241990503,
    "f4_mean": 3788.731224205521,
    "f1_median": 383.9986872413516,
    "f2_median": 1795.0016143827534,
    "f3_median": 2775.216246580449,
    "f4_median": 3877.0061472328744,
    "duration": 55.88,
    "meanF0": 188.21587411491709,
    "stdevF0": 33.75321749130038,
    "hnr": 22.330247417377347,
    "local_jitter": 0.011982834279459622,
    "local_absolute_jitter": 6.357202839907822e-05,
    "rap_jitter": 0.005720825238615869,
    "ppq5_jitter": 0.0055208638255969415,
    "ddp_jitter": 0.017162475715847607,
    "local_shimmer": 0.043926576560091045,
    "localdb_shimmer": 0.49096436234144536,
    "apq3_shimmer": 0.013059073999347413,
    "apq5_shimmer": 0.018447044170418234,
    "apq11_shimmer": 0.04008418393874998,
    "dda_shimmer": 0.03917722199804224,
    "mean_spectral_energy": 3.16151762008667,
    "intensity_mean": 0.044232990592718124,
    "intensity_min": 0.00011435856140451506,
    "intensity_max": 0.29604172706604004,
    "intensity_range": 0.29592737555503845,
    "intensity_sd": 0.04651903361082077
}