{
    "total_duration": 50.94,
    "total_words": 73,
    "unique_words_count": 49,
    "average_chunk_length_in_words": 1.9210526315789473,
    "articulation_rate": 2.963744874345338,
    "mean_deviation_of_chunks_in_words": 1.018005540166205,
    "duration_of_silences_per_word": 0.35835616438356177,
    "mean_of_silence_duration": 0.7070270270270272,
    "mean_duration_of_long_pauses": 1.0777500000000007,
    "frequency_of_longer_pauses_divided_by_number_of_words": 0.273972602739726,
    "types_divided_by_uttsegdur": 0.9619159795838241,
    "mean_length_of_filled_pauses": 0.4500000000000002,
    "frequency_of_filled_pauses": 0.15704750687082844,
    "asr_score": 0.8599726027397259,
    "f1_mean": 421.67156243360284,
    "f2_mean": 1626.4943245038749,
    "f3_mean": 2605.1871728843403,
    "f4_mean": 3646.934980674728,
    "f1_median": 372.27684490796673,
    "f2_median": 1569.3188156941533,
    "f3_median": 2607.8293836088606,
    "f4_median": 3674.379961322393,
    "duration": 56.94,
    "meanF0": 125.20755564435615,
    "stdevF0": 17.71351557344204,
    "hnr": 16.438155837328026,
    "local_jitter": 0.02627862553533761,
    "local_absolute_jitter": 0.00021031689294816617,
    "rap_jitter": 0.011105429276036888,
    "ppq5_jitter": 0.010301149413381939,
    "ddp_jitter": 0.03331628782811066,
    "local_shimmer": 0.0695776567379353,
    "localdb_shimmer": 0.7061681224092387,
    "apq3_shimmer": 0.02133108251243937,
    "apq5_shimmer": 0.02983480691478767,
    "apq11_shimmer": 0.05990799589694621,
    "dda_shimmer": 0.06399324753731811,
    "mean_spectral_energy": 3.7142441272735596,
    "intensity_mean": 0.043781083077192307,
    "intensity_min": 0.00012895424151793122,
    "intensity_max": 0.2704318165779114,
    "intensity_range": 0.2703028619289398,
    "intensity_sd": 0.054075803607702255
}