{
    "total_duration": 51.235,
    "total_words": 75,
    "unique_words_count": 52,
    "average_chunk_length_in_words": 2.027027027027027,
    "articulation_rate": 2.717883674578728,
    "mean_deviation_of_chunks_in_words": 1.0124178232286343,
    "duration_of_silences_per_word": 0.3121466666666667,
    "mean_of_silence_duration": 0.6503055555555556,
    "mean_duration_of_long_pauses": 0.8994999999999999,
    "frequency_of_longer_pauses_divided_by_number_of_words": 0.29333333333333333,
    "types_divided_by_uttsegdur": 1.0149311993754269,
    "mean_length_of_filled_pauses": 0.33999999999999986,
    "frequency_of_filled_pauses": 0.058553723040890016,
    "asr_score": 0.8402799999999998,
    "f1_mean": 464.77770817742845,
    "f2_mean": 1556.1172550699407,
    "f3_mean": 2592.615019136009,
    "f4_mean": 3669.372573997914,
    "f1_median": 409.2113555375255,
    "f2_median": 1482.3367727367975,
    "f3_median": 2559.2547713836148,
    "f4_median": 3673.2592576590832,
    "duration": 56.47,
    "meanF0": 125.46097366069507,
    "stdevF0": 18.521126718770347,
    "hnr": 16.062196545953725,
    "local_jitter": 0.023767325393947467,
    "local_absolute_jitter": 0.00018962737386170008,
    "rap_jitter": 0.009520683708961012,
    "ppq5_jitter": 0.009479183662492145,
    "ddp_jitter": 0.028562051126883037,
    "local_shimmer": 0.06304648569217115,
    "localdb_shimmer": 0.6525003065430421,
    "apq3_shimmer": 0.01853676807196084,
    "apq5_shimmer": 0.025529127133870205,
    "apq11_shimmer": 0.048857420924468126,
    "dda_shimmer": 0.05561030421588252,
    "mean_spectral_energy": 2.4113118648529053,
    "intensity_mean": 0.03786560893058777,
    "intensity_min": 0.00011162069131387398,
    "intensity_max": 0.2445846050977707,
    "intensity_range": 0.24447298049926758,
    "intensity_sd": 0.041339945048093796
}