{
    "total_duration": 39.023,
    "total_words": 77,
    "unique_words_count": 42,
    "average_chunk_length_in_words": 2.3333333333333335,
    "articulation_rate": 3.7641767696519377,
    "mean_deviation_of_chunks_in_words": 1.4545454545454544,
    "duration_of_silences_per_word": 0.23971428571428594,
    "mean_of_silence_duration": 0.5768125000000005,
    "mean_duration_of_long_pauses": 0.8631176470588241,
    "frequency_of_longer_pauses_divided_by_number_of_words": 0.22077922077922077,
    "types_divided_by_uttsegdur": 1.0762883427722112,
    "mean_length_of_filled_pauses": 0.3539999999999999,
    "frequency_of_filled_pauses": 0.12812956461573943,
    "asr_score": 0.7979220779220779,
    "f1_mean": 442.9539392309702,
    "f2_mean": 1641.243459359719,
    "f3_mean": 2590.6636766980155,
    "f4_mean": 3760.7023221633735,
    "f1_median": 385.03738628497297,
    "f2_median": 1586.1918083089486,
    "f3_median": 2555.245412779853,
    "f4_median": 3783.6898571154243,
    "duration": 43.55,
    "meanF0": 121.30006576263241,
    "stdevF0": 17.48351391796654,
    "hnr": 15.699162962313206,
    "local_jitter": 0.024873779122868204,
    "local_absolute_jitter": 0.00020520621008418802,
    "rap_jitter": 0.009976728479699956,
    "ppq5_jitter": 0.010327906282580939,
    "ddp_jitter": 0.029930185439099866,
    "local_shimmer": 0.060086296792451345,
    "localdb_shimmer": 0.6343282044844982,
    "apq3_shimmer": 0.019138748372889803,
    "apq5_shimmer": 0.02674708020017968,
    "apq11_shimmer": 0.04730696679534909,
    "dda_shimmer": 0.05741624511866941,
    "mean_spectral_energy": 4.800103664398193,
    "intensity_mean": 0.05297994986176491,
    "intensity_min": 0.0001315876579610631,
    "intensity_max": 0.2778971493244171,
    "intensity_range": 0.27776557207107544,
    "intensity_sd": 0.05873127281665802
}