{
    "total_duration": 26.979,
    "total_words": 55,
    "unique_words_count": 36,
    "average_chunk_length_in_words": 3.9285714285714284,
    "articulation_rate": 3.102261830898528,
    "mean_deviation_of_chunks_in_words": 2.346938775510204,
    "duration_of_silences_per_word": 0.13999999999999999,
    "mean_of_silence_duration": 0.5923076923076922,
    "mean_duration_of_long_pauses": 0.771111111111111,
    "frequency_of_longer_pauses_divided_by_number_of_words": 0.16363636363636364,
    "types_divided_by_uttsegdur": 1.3343711775825642,
    "mean_length_of_filled_pauses": 0.4320000000000004,
    "frequency_of_filled_pauses": 0.18532933021980058,
    "asr_score": 0.7812181818181821,
    "f1_mean": 508.9307684620084,
    "f2_mean": 1597.6610649947845,
    "f3_mean": 2844.080151500399,
    "f4_mean": 3674.628702357739,
    "f1_median": 502.5045058235398,
    "f2_median": 1492.321613518479,
    "f3_median": 2962.7810178160053,
    "f4_median": 3725.1030367835133,
    "duration": 29.86,
    "meanF0": 178.2773077750683,
    "stdevF0": 23.235313824843804,
    "hnr": 17.4736065915114,
    "local_jitter": 0.014378215846121199,
    "local_absolute_jitter": 8.069365864802622e-05,
    "rap_jitter": 0.0054804333337844765,
    "ppq5_jitter": 0.006599419384775603,
    "ddp_jitter": 0.01644130000135343,
    "local_shimmer": 0.05321199162335267,
    "localdb_shimmer": 0.5423644621260273,
    "apq3_shimmer": 0.016876985603210964,
    "apq5_shimmer": 0.02431458089271954,
    "apq11_shimmer": 0.04985587234125526,
    "dda_shimmer": 0.05063095680963289,
    "mean_spectral_energy": 3.622187852859497,
    "intensity_mean": 0.05412192642688751,
    "intensity_min": 0.00012823387805838138,
    "intensity_max": 0.21523113548755646,
    "intensity_range": 0.2151028960943222,
    "intensity_sd": 0.04232983663678169
}