{
    "total_duration": 58.597,
    "total_words": 89,
    "unique_words_count": 55,
    "average_chunk_length_in_words": 2.4722222222222223,
    "articulation_rate": 2.6420471412456203,
    "mean_deviation_of_chunks_in_words": 1.6589506172839503,
    "duration_of_silences_per_word": 0.27057303370786495,
    "mean_of_silence_duration": 0.6880285714285709,
    "mean_duration_of_long_pauses": 1.4197692307692298,
    "frequency_of_longer_pauses_divided_by_number_of_words": 0.14606741573033707,
    "types_divided_by_uttsegdur": 0.9386146048432513,
    "mean_length_of_filled_pauses": 0.6792857142857139,
    "frequency_of_filled_pauses": 0.23892008123282762,
    "asr_score": 0.8070112359550563,
    "f1_mean": 492.78429019794453,
    "f2_mean": 1567.5585368338825,
    "f3_mean": 2854.9929699630757,
    "f4_mean": 3674.6044017655554,
    "f1_median": 433.1364447985705,
    "f2_median": 1490.0443733373074,
    "f3_median": 2935.2666726451403,
    "f4_median": 3729.5634010620547,
    "duration": 60.5,
    "meanF0": 173.55408894255808,
    "stdevF0": 28.72195676794075,
    "hnr": 16.90133866934157,
    "local_jitter": 0.016518780316287743,
    "local_absolute_jitter": 9.528259208013748e-05,
    "rap_jitter": 0.006137337629847015,
    "ppq5_jitter": 0.007329881433640508,
    "ddp_jitter": 0.018412012889541047,
    "local_shimmer": 0.06060030687776235,
    "localdb_shimmer": 0.5870977153600002,
    "apq3_shimmer": 0.018650383550546837,
    "apq5_shimmer": 0.027243711452982638,
    "apq11_shimmer": 0.05038646894047003,
    "dda_shimmer": 0.05595115065164051,
    "mean_spectral_energy": 7.9029221534729,
    "intensity_mean": 0.07827500253915787,
    "intensity_min": 0.00021520230802707374,
    "intensity_max": 0.37707921862602234,
    "intensity_range": 0.3768640160560608,
    "intensity_sd": 0.0646013617515564
}