{
    "total_duration": 55.9,
    "total_words": 100,
    "unique_words_count": 58,
    "average_chunk_length_in_words": 2.6315789473684212,
    "articulation_rate": 2.7840418719897557,
    "mean_deviation_of_chunks_in_words": 1.5484764542936293,
    "duration_of_silences_per_word": 0.19031000000000012,
    "mean_of_silence_duration": 0.5143513513513517,
    "mean_duration_of_long_pauses": 0.8027058823529414,
    "frequency_of_longer_pauses_divided_by_number_of_words": 0.17,
    "types_divided_by_uttsegdur": 1.0375670840787121,
    "mean_length_of_filled_pauses": 0.39999999999999947,
    "frequency_of_filled_pauses": 0.21466905187835422,
    "asr_score": 0.8192399999999997,
    "f1_mean": 514.7057251541029,
    "f2_mean": 1678.513854054807,
    "f3_mean": 2746.6285396819885,
    "f4_mean": 3590.6526274313774,
    "f1_median": 459.3009917827462,
    "f2_median": 1625.755927254159,
    "f3_median": 2853.328167475032,
    "f4_median": 3657.4877778269865,
    "duration": 62.84,
    "meanF0": 172.35930219456017,
    "stdevF0": 29.614737580253895,
    "hnr": 15.653215425879232,
    "local_jitter": 0.018337777774393743,
    "local_absolute_jitter": 0.00010668240189053254,
    "rap_jitter": 0.006848167623873887,
    "ppq5_jitter": 0.008037476498896542,
    "ddp_jitter": 0.020544502871621663,
    "local_shimmer": 0.06549539254502691,
    "localdb_shimmer": 0.6660520088515665,
    "apq3_shimmer": 0.018142665567830705,
    "apq5_shimmer": 0.026876401533319983,
    "apq11_shimmer": 0.054827035698300296,
    "dda_shimmer": 0.05442799670349212,
    "mean_spectral_energy": 5.130263328552246,
    "intensity_mean": 0.05864939093589783,
    "intensity_min": 0.00011487506708363071,
    "intensity_max": 0.39425599575042725,
    "intensity_range": 0.3941411077976227,
    "intensity_sd": 0.05698053166270256
}