{
    "total_duration": 34.842,
    "total_words": 51,
    "unique_words_count": 38,
    "average_chunk_length_in_words": 2.55,
    "articulation_rate": 2.5858135172134045,
    "mean_deviation_of_chunks_in_words": 1.3600000000000003,
    "duration_of_silences_per_word": 0.29235294117647037,
    "mean_of_silence_duration": 0.7847368421052625,
    "mean_duration_of_long_pauses": 1.1480909090909095,
    "frequency_of_longer_pauses_divided_by_number_of_words": 0.21568627450980393,
    "types_divided_by_uttsegdur": 1.0906377360656678,
    "mean_length_of_filled_pauses": 0.668181818181818,
    "frequency_of_filled_pauses": 0.3157109235979565,
    "asr_score": 0.7280392156862747,
    "f1_mean": 517.7692335337615,
    "f2_mean": 1676.1752017246397,
    "f3_mean": 2825.895257571725,
    "f4_mean": 3639.0451609278944,
    "f1_median": 471.67630308107283,
    "f2_median": 1591.5957142179432,
    "f3_median": 2933.200357280048,
    "f4_median": 3665.639884039084,
    "duration": 49.29,
    "meanF0": 174.30483174462074,
    "stdevF0": 30.908729050937264,
    "hnr": 17.289158765110706,
    "local_jitter": 0.01356880232944554,
    "local_absolute_jitter": 7.799788306551754e-05,
    "rap_jitter": 0.005165652652434653,
    "ppq5_jitter": 0.006010059900714687,
    "ddp_jitter": 0.015496957957303959,
    "local_shimmer": 0.05995307726666779,
    "localdb_shimmer": 0.572208712863358,
    "apq3_shimmer": 0.01788985281582748,
    "apq5_shimmer": 0.026463656295490467,
    "apq11_shimmer": 0.05322957360950909,
    "dda_shimmer": 0.05366955844748244,
    "mean_spectral_energy": 2.1839442253112793,
    "intensity_mean": 0.036926593631505966,
    "intensity_min": 0.00012711150338873267,
    "intensity_max": 0.22114217281341553,
    "intensity_range": 0.221015065908432,
    "intensity_sd": 0.03850822150707245
}