{
    "total_duration": 57.633,
    "total_words": 60,
    "unique_words_count": 36,
    "average_chunk_length_in_words": 2.0,
    "articulation_rate": 2.2093751150716208,
    "mean_deviation_of_chunks_in_words": 1.0666666666666667,
    "duration_of_silences_per_word": 0.4821166666666667,
    "mean_of_silence_duration": 0.9974827586206898,
    "mean_duration_of_long_pauses": 1.3373499999999998,
    "frequency_of_longer_pauses_divided_by_number_of_words": 0.3333333333333333,
    "types_divided_by_uttsegdur": 0.624642132111811,
    "mean_length_of_filled_pauses": 0.47999999999999915,
    "frequency_of_filled_pauses": 0.15616053302795274,
    "asr_score": 0.8172333333333334,
    "f1_mean": 493.4852718239693,
    "f2_mean": 1829.0569169843461,
    "f3_mean": 2957.158982750811,
    "f4_mean": 3900.847497279785,
    "f1_median": 445.06333888305534,
    "f2_median": 1708.491231364482,
    "f3_median": 3042.376640085217,
    "f4_median": 3934.6666580254523,
    "duration": 61.38,
    "meanF0": 202.5387345386675,
    "stdevF0": 34.70456569763669,
    "hnr": 21.566561690394533,
    "local_jitter": 0.013766599164130153,
    "local_absolute_jitter": 6.795089301462195e-05,
    "rap_jitter": 0.006361310232899319,
    "ppq5_jitter": 0.006242582071829812,
    "ddp_jitter": 0.019083930698697956,
    "local_shimmer": 0.04570734745938801,
    "localdb_shimmer": 0.49907876206179747,
    "apq3_shimmer": 0.015295240482489963,
    "apq5_shimmer": 0.018166999210728802,
    "apq11_shimmer": 0.03170567980804543,
    "dda_shimmer": 0.045885721447469885,
    "mean_spectral_energy": 4.603335380554199,
    "intensity_mean": 0.04940642789006233,
    "intensity_min": 0.000155370042193681,
    "intensity_max": 0.3559805452823639,
    "intensity_range": 0.35582518577575684,
    "intensity_sd": 0.05965552106499672
}