{
    "total_duration": 41.078,
    "total_words": 78,
    "unique_words_count": 51,
    "average_chunk_length_in_words": 3.12,
    "articulation_rate": 3.160966120927216,
    "mean_deviation_of_chunks_in_words": 1.7727999999999993,
    "duration_of_silences_per_word": 0.20888461538461534,
    "mean_of_silence_duration": 0.6788749999999998,
    "mean_duration_of_long_pauses": 0.9065714285714284,
    "frequency_of_longer_pauses_divided_by_number_of_words": 0.1794871794871795,
    "types_divided_by_uttsegdur": 1.2415404839573494,
    "mean_length_of_filled_pauses": 0.570000000000002,
    "frequency_of_filled_pauses": 0.09737572423194897,
    "asr_score": 0.7574487179487179,
    "f1_mean": 434.56798884427405,
    "f2_mean": 1552.100079148679,
    "f3_mean": 2504.522771170336,
    "f4_mean": 3587.829150201297,
    "f1_median": 414.6960299606803,
    "f2_median": 1494.9061197297679,
    "f3_median": 2478.6521643577007,
    "f4_median": 3579.3638022893265,
    "duration": 48.02,
    "meanF0": 120.43116893805288,
    "stdevF0": 20.68667197163311,
    "hnr": 13.422401137396779,
    "local_jitter": 0.023676358863332365,
    "local_absolute_jitter": 0.0001972195925200566,
    "rap_jitter": 0.007749197497286474,
    "ppq5_jitter": 0.009726571445475021,
    "ddp_jitter": 0.023247592491859422,
    "local_shimmer": 0.07682046682975692,
    "localdb_shimmer": 0.7729839632704284,
    "apq3_shimmer": 0.02238940994401557,
    "apq5_shimmer": 0.037147845856239876,
    "apq11_shimmer": 0.07367616265596644,
    "dda_shimmer": 0.0671682298320467,
    "mean_spectral_energy": 1.4969877004623413,
    "intensity_mean": 0.03012634441256523,
    "intensity_min": 0.00011276847362751141,
    "intensity_max": 0.15293647348880768,
    "intensity_range": 0.15282370150089264,
    "intensity_sd": 0.032303377985954285
}