{
    "total_duration": 54.84,
    "total_words": 85,
    "unique_words_count": 55,
    "average_chunk_length_in_words": 2.5757575757575757,
    "articulation_rate": 2.972443698419357,
    "mean_deviation_of_chunks_in_words": 1.9191919191919198,
    "duration_of_silences_per_word": 0.30699999999999983,
    "mean_of_silence_duration": 0.8154687499999995,
    "mean_duration_of_long_pauses": 1.4524285714285703,
    "frequency_of_longer_pauses_divided_by_number_of_words": 0.16470588235294117,
    "types_divided_by_uttsegdur": 1.0029175784099198,
    "mean_length_of_filled_pauses": 0.48500000000000004,
    "frequency_of_filled_pauses": 0.10940919037199125,
    "asr_score": 0.7812117647058823,
    "f1_mean": 478.01716486666925,
    "f2_mean": 1662.5576139821253,
    "f3_mean": 2618.342352173733,
    "f4_mean": 3813.0854038563843,
    "f1_median": 431.1572122398147,
    "f2_median": 1618.3661917046202,
    "f3_median": 2622.477980032704,
    "f4_median": 3953.8548866228075,
    "duration": 54.94,
    "meanF0": 206.60485969953064,
    "stdevF0": 31.728287241073854,
    "hnr": 15.733716939763381,
    "local_jitter": 0.015336350146292704,
    "local_absolute_jitter": 7.432109674447442e-05,
    "rap_jitter": 0.0057146853208748715,
    "ppq5_jitter": 0.006640266702835112,
    "ddp_jitter": 0.017144055962624614,
    "local_shimmer": 0.06252444599708981,
    "localdb_shimmer": 0.6373632385795791,
    "apq3_shimmer": 0.01952482203445852,
    "apq5_shimmer": 0.028062632565170463,
    "apq11_shimmer": 0.057820552005106864,
    "dda_shimmer": 0.058574466103375564,
    "mean_spectral_energy": 3.0051980018615723,
    "intensity_mean": 0.042773764580488205,
    "intensity_min": 0.00019036803860217333,
    "intensity_max": 0.33224380016326904,
    "intensity_range": 0.33205342292785645,
    "intensity_sd": 0.045686349272727966
}