{
    "total_duration": 56.777,
    "total_words": 85,
    "unique_words_count": 58,
    "average_chunk_length_in_words": 2.4285714285714284,
    "articulation_rate": 2.6229710547429494,
    "mean_deviation_of_chunks_in_words": 1.3959183673469386,
    "duration_of_silences_per_word": 0.28355294117647073,
    "mean_of_silence_duration": 0.7088823529411767,
    "mean_duration_of_long_pauses": 1.2769285714285707,
    "frequency_of_longer_pauses_divided_by_number_of_words": 0.16470588235294117,
    "types_divided_by_uttsegdur": 1.0215404124909735,
    "mean_length_of_filled_pauses": 0.4961538461538462,
    "frequency_of_filled_pauses": 0.22896595452383886,
    "asr_score": 0.8279647058823529,
    "f1_mean": 463.0973680272997,
    "f2_mean": 1620.4425198504464,
    "f3_mean": 2529.661223244544,
    "f4_mean": 3732.7517915305966,
    "f1_median": 408.4717661275034,
    "f2_median": 1610.3547044109346,
    "f3_median": 2566.4726860214178,
    "f4_median": 3869.118602786605,
    "duration": 61.88,
    "meanF0": 185.07624794162854,
    "stdevF0": 34.79595350372005,
    "hnr": 15.713288021668427,
    "local_jitter": 0.018524990212498153,
    "local_absolute_jitter": 0.00010028248685173216,
    "rap_jitter": 0.00777868448595924,
    "ppq5_jitter": 0.007934898526465537,
    "ddp_jitter": 0.02333605345787772,
    "local_shimmer": 0.06294163951317092,
    "localdb_shimmer": 0.616869783610694,
    "apq3_shimmer": 0.019885552907660864,
    "apq5_shimmer": 0.02833984398881463,
    "apq11_shimmer": 0.05536373974327161,
    "dda_shimmer": 0.05965665872298259,
    "mean_spectral_energy": 1.2791342735290527,
    "intensity_mean": 0.029623189941048622,
    "intensity_min": 0.00021262152586132288,
    "intensity_max": 0.20590496063232422,
    "intensity_range": 0.2056923359632492,
    "intensity_sd": 0.028100382536649704
}