{
    "total_duration": 19.718,
    "total_words": 29,
    "unique_words_count": 19,
    "average_chunk_length_in_words": 2.230769230769231,
    "articulation_rate": 3.1998234580161093,
    "mean_deviation_of_chunks_in_words": 1.242603550295858,
    "duration_of_silences_per_word": 0.36641379310344824,
    "mean_of_silence_duration": 0.8855,
    "mean_duration_of_long_pauses": 1.4438333333333333,
    "frequency_of_longer_pauses_divided_by_number_of_words": 0.20689655172413793,
    "types_divided_by_uttsegdur": 0.9635865706461102,
    "mean_length_of_filled_pauses": 0.44999999999999957,
    "frequency_of_filled_pauses": 0.15214524799675425,
    "asr_score": 0.824655172413793,
    "f1_mean": 458.9477376848543,
    "f2_mean": 1675.3690766969758,
    "f3_mean": 2609.4595564554966,
    "f4_mean": 3897.653605421848,
    "f1_median": 415.39232380535293,
    "f2_median": 1669.1793008422778,
    "f3_median": 2598.8442613281622,
    "f4_median": 3981.574598579003,
    "duration": 23.49,
    "meanF0": 197.098733033383,
    "stdevF0": 30.935063067938845,
    "hnr": 16.852069647483322,
    "local_jitter": 0.013754236841267578,
    "local_absolute_jitter": 6.944680104475756e-05,
    "rap_jitter": 0.0059506923736425705,
    "ppq5_jitter": 0.005937488549528932,
    "ddp_jitter": 0.017852077120927713,
    "local_shimmer": 0.05548365680474624,
    "localdb_shimmer": 0.5895496844086725,
    "apq3_shimmer": 0.01550129960034325,
    "apq5_shimmer": 0.021855387019578874,
    "apq11_shimmer": 0.049748850075887655,
    "dda_shimmer": 0.04650389880102975,
    "mean_spectral_energy": 4.250475883483887,
    "intensity_mean": 0.045775480568408966,
    "intensity_min": 0.0002048370661213994,
    "intensity_max": 0.33243876695632935,
    "intensity_range": 0.3322339355945587,
    "intensity_sd": 0.05867689102888107
}