{
    "total_duration": 56.462,
    "total_words": 88,
    "unique_words_count": 53,
    "average_chunk_length_in_words": 2.4444444444444446,
    "articulation_rate": 3.1467906311460725,
    "mean_deviation_of_chunks_in_words": 1.3456790123456788,
    "duration_of_silences_per_word": 0.32168181818181796,
    "mean_of_silence_duration": 0.8087999999999994,
    "mean_duration_of_long_pauses": 1.081173913043478,
    "frequency_of_longer_pauses_divided_by_number_of_words": 0.26136363636363635,
    "types_divided_by_uttsegdur": 0.938684424922957,
    "mean_length_of_filled_pauses": 0.49235294117647066,
    "frequency_of_filled_pauses": 0.3010874570507598,
    "asr_score": 0.8153636363636365,
    "f1_mean": 460.8307631299014,
    "f2_mean": 1559.0792962199466,
    "f3_mean": 2663.4117136264094,
    "f4_mean": 3631.346770444275,
    "f1_median": 443.4074975587855,
    "f2_median": 1513.017068783742,
    "f3_median": 2670.8168776639895,
    "f4_median": 3648.8109952939512,
    "duration": 60.9,
    "meanF0": 99.74860855887955,
    "stdevF0": 12.608939890448765,
    "hnr": 13.540676243042986,
    "local_jitter": 0.027139743480534294,
    "local_absolute_jitter": 0.00027262824893892754,
    "rap_jitter": 0.011589152096388826,
    "ppq5_jitter": 0.011126939166742884,
    "ddp_jitter": 0.03476745628916648,
    "local_shimmer": 0.07342019483763597,
    "localdb_shimmer": 0.7300704963111926,
    "apq3_shimmer": 0.023086874771697696,
    "apq5_shimmer": 0.034426112196381836,
    "apq11_shimmer": 0.0719130299527374,
    "dda_shimmer": 0.06926062431509308,
    "mean_spectral_energy": 4.504716396331787,
    "intensity_mean": 0.052610430866479874,
    "intensity_min": 0.0001066022741724737,
    "intensity_max": 0.3239956796169281,
    "intensity_range": 0.3238890767097473,
    "intensity_sd": 0.05570805072784424
}