{
    "total_duration": 44.038,
    "total_words": 77,
    "unique_words_count": 39,
    "average_chunk_length_in_words": 2.566666666666667,
    "articulation_rate": 3.457255747126435,
    "mean_deviation_of_chunks_in_words": 1.4800000000000002,
    "duration_of_silences_per_word": 0.26254545454545436,
    "mean_of_silence_duration": 0.6971034482758616,
    "mean_duration_of_long_pauses": 1.0468124999999993,
    "frequency_of_longer_pauses_divided_by_number_of_words": 0.2077922077922078,
    "types_divided_by_uttsegdur": 0.8855988010354694,
    "mean_length_of_filled_pauses": 0.5812499999999997,
    "frequency_of_filled_pauses": 0.1816612925200963,
    "asr_score": 0.7508961038961037,
    "f1_mean": 459.45119368177893,
    "f2_mean": 1538.8620875674394,
    "f3_mean": 2642.1951768044937,
    "f4_mean": 3537.721836312925,
    "f1_median": 441.3996516235202,
    "f2_median": 1499.8174987143593,
    "f3_median": 2638.58227195363,
    "f4_median": 3546.297170474341,
    "duration": 47.76,
    "meanF0": 107.40305810930059,
    "stdevF0": 13.364240148203603,
    "hnr": 12.208138228701163,
    "local_jitter": 0.027393509036303273,
    "local_absolute_jitter": 0.00025505952004751517,
    "rap_jitter": 0.012460554573102512,
    "ppq5_jitter": 0.011217192088554854,
    "ddp_jitter": 0.03738166371930754,
    "local_shimmer": 0.07298369115471492,
    "localdb_shimmer": 0.7085509930407813,
    "apq3_shimmer": 0.02734156979358002,
    "apq5_shimmer": 0.0362615509368539,
    "apq11_shimmer": 0.06152384876737672,
    "dda_shimmer": 0.08202470938074007,
    "mean_spectral_energy": 2.9455268383026123,
    "intensity_mean": 0.04400555416941643,
    "intensity_min": 0.00011052255285903811,
    "intensity_max": 0.20145484805107117,
    "intensity_range": 0.2013443261384964,
    "intensity_sd": 0.04361853376030922
}