{
    "total_duration": 31.488,
    "total_words": 62,
    "unique_words_count": 28,
    "average_chunk_length_in_words": 2.9523809523809526,
    "articulation_rate": 3.8842250344568345,
    "mean_deviation_of_chunks_in_words": 1.473922902494331,
    "duration_of_silences_per_word": 0.23735483870967738,
    "mean_of_silence_duration": 0.7357999999999999,
    "mean_duration_of_long_pauses": 0.9518461538461539,
    "frequency_of_longer_pauses_divided_by_number_of_words": 0.20967741935483872,
    "types_divided_by_uttsegdur": 0.8892276422764228,
    "mean_length_of_filled_pauses": 0.5550000000000006,
    "frequency_of_filled_pauses": 0.2540650406504065,
    "asr_score": 0.7382903225806451,
    "f1_mean": 452.98708666552926,
    "f2_mean": 1517.8891149126712,
    "f3_mean": 2615.637053536252,
    "f4_mean": 3530.766709014187,
    "f1_median": 440.2809415441473,
    "f2_median": 1397.5038612315607,
    "f3_median": 2602.542617179663,
    "f4_median": 3524.896985338419,
    "duration": 35.33625,
    "meanF0": 109.69591438902366,
    "stdevF0": 14.60147264465422,
    "hnr": 13.688664812305257,
    "local_jitter": 0.026850821969790623,
    "local_absolute_jitter": 0.00024453038543989763,
    "rap_jitter": 0.011380761603535959,
    "ppq5_jitter": 0.010591861040930382,
    "ddp_jitter": 0.034142284810607874,
    "local_shimmer": 0.07389198864997172,
    "localdb_shimmer": 0.7003357694885524,
    "apq3_shimmer": 0.02335091395598437,
    "apq5_shimmer": 0.03259188328593066,
    "apq11_shimmer": 0.06182356489826746,
    "dda_shimmer": 0.0700527418679531,
    "mean_spectral_energy": 5.8344221115112305,
    "intensity_mean": 0.057019516825675964,
    "intensity_min": 8.139615965774283e-05,
    "intensity_max": 0.41968899965286255,
    "intensity_range": 0.41960760951042175,
    "intensity_sd": 0.06597797572612762
}