{
    "total_duration": 96.254,
    "total_words": 110,
    "unique_words_count": 61,
    "average_chunk_length_in_words": 2.8947368421052633,
    "articulation_rate": 2.5774403674024087,
    "mean_deviation_of_chunks_in_words": 2.130193905817175,
    "duration_of_silences_per_word": 0.41454545454545455,
    "mean_of_silence_duration": 1.2324324324324325,
    "mean_duration_of_long_pauses": 1.9218095238095247,
    "frequency_of_longer_pauses_divided_by_number_of_words": 0.19090909090909092,
    "types_divided_by_uttsegdur": 0.6337398965237808,
    "mean_length_of_filled_pauses": 0.5446153846153842,
    "frequency_of_filled_pauses": 0.13505932220998607,
    "asr_score": 0.6875636363636367,
    "f1_mean": 415.02088137564857,
    "f2_mean": 1635.7110496823602,
    "f3_mean": 2664.1258397937518,
    "f4_mean": 3610.642360302174,
    "f1_median": 377.511391369308,
    "f2_median": 1615.1384224557996,
    "f3_median": 2670.0109002216855,
    "f4_median": 3627.7117996963298,
    "duration": 96.37,
    "meanF0": 110.76916379829312,
    "stdevF0": 14.646451530393819,
    "hnr": 13.660966935058463,
    "local_jitter": 0.026000994560344506,
    "local_absolute_jitter": 0.00023482317465988047,
    "rap_jitter": 0.011768197233566573,
    "ppq5_jitter": 0.01091821541625032,
    "ddp_jitter": 0.03530459170069972,
    "local_shimmer": 0.07158414943698685,
    "localdb_shimmer": 0.7386979483373929,
    "apq3_shimmer": 0.024063263768197223,
    "apq5_shimmer": 0.03372518163557632,
    "apq11_shimmer": 0.06461413287724573,
    "dda_shimmer": 0.07218979130459166,
    "mean_spectral_energy": 1.7232933044433594,
    "intensity_mean": 0.025100132450461388,
    "intensity_min": 8.374516619369388e-05,
    "intensity_max": 0.23474374413490295,
    "intensity_range": 0.23465999960899353,
    "intensity_sd": 0.040199656039476395
}