{
    "total_duration": 61.145,
    "total_words": 86,
    "unique_words_count": 62,
    "average_chunk_length_in_words": 1.9545454545454546,
    "articulation_rate": 2.8468337250488234,
    "mean_deviation_of_chunks_in_words": 0.7809917355371904,
    "duration_of_silences_per_word": 0.3505348837209299,
    "mean_of_silence_duration": 0.7010697674418598,
    "mean_duration_of_long_pauses": 0.969884615384615,
    "frequency_of_longer_pauses_divided_by_number_of_words": 0.3023255813953488,
    "types_divided_by_uttsegdur": 1.0139831547959768,
    "mean_length_of_filled_pauses": 0.4449999999999991,
    "frequency_of_filled_pauses": 0.29438220623109,
    "asr_score": 0.8154418604651162,
    "f1_mean": 432.7262431939883,
    "f2_mean": 1582.112398305794,
    "f3_mean": 2661.824436340176,
    "f4_mean": 3630.886533752452,
    "f1_median": 412.10988981760283,
    "f2_median": 1548.6623780327382,
    "f3_median": 2649.5883063306933,
    "f4_median": 3652.7836829871158,
    "duration": 69.13,
    "meanF0": 104.85633924588504,
    "stdevF0": 12.900982467906578,
    "hnr": 13.059234296351944,
    "local_jitter": 0.027763226641503026,
    "local_absolute_jitter": 0.00026478664496045287,
    "rap_jitter": 0.012639964368264374,
    "ppq5_jitter": 0.012345023836127829,
    "ddp_jitter": 0.03791989310479312,
    "local_shimmer": 0.07705945123995071,
    "localdb_shimmer": 0.7867448415513936,
    "apq3_shimmer": 0.02388050195974207,
    "apq5_shimmer": 0.03442216627406702,
    "apq11_shimmer": 0.06605855342491374,
    "dda_shimmer": 0.07164150587922621,
    "mean_spectral_energy": 4.031635284423828,
    "intensity_mean": 0.05098976939916611,
    "intensity_min": 0.0001260243443539366,
    "intensity_max": 0.3224542737007141,
    "intensity_range": 0.32232823967933655,
    "intensity_sd": 0.051523640751838684
}