{
    "total_duration": 59.635,
    "total_words": 108,
    "unique_words_count": 71,
    "average_chunk_length_in_words": 2.6341463414634148,
    "articulation_rate": 3.0659172202350544,
    "mean_deviation_of_chunks_in_words": 1.3765615704937535,
    "duration_of_silences_per_word": 0.22537037037037047,
    "mean_of_silence_duration": 0.6085000000000003,
    "mean_duration_of_long_pauses": 1.063294117647059,
    "frequency_of_longer_pauses_divided_by_number_of_words": 0.1574074074074074,
    "types_divided_by_uttsegdur": 1.1905760040244824,
    "mean_length_of_filled_pauses": 0.4414285714285711,
    "frequency_of_filled_pauses": 0.11738073279114614,
    "asr_score": 0.7723240740740738,
    "f1_mean": 379.2563468483829,
    "f2_mean": 1543.5645496359189,
    "f3_mean": 2381.4341582931524,
    "f4_mean": 3419.959450466765,
    "f1_median": 315.2733891891744,
    "f2_median": 1507.316210228624,
    "f3_median": 2343.7282132312785,
    "f4_median": 3357.3143525546025,
    "duration": 64.49,
    "meanF0": 107.92555808291385,
    "stdevF0": 20.793007776383185,
    "hnr": 16.483073161582595,
    "local_jitter": 0.02462911330909509,
    "local_absolute_jitter": 0.00022854134061670972,
    "rap_jitter": 0.010186392687077104,
    "ppq5_jitter": 0.010450015079139226,
    "ddp_jitter": 0.03055917806123131,
    "local_shimmer": 0.0720247543768756,
    "localdb_shimmer": 0.711592246302893,
    "apq3_shimmer": 0.021634778615612638,
    "apq5_shimmer": 0.03245814171130351,
    "apq11_shimmer": 0.06543127168861108,
    "dda_shimmer": 0.06490433584683791,
    "mean_spectral_energy": 4.5966315269470215,
    "intensity_mean": 0.056547582149505615,
    "intensity_min": 9.89219915936701e-05,
    "intensity_max": 0.33222460746765137,
    "intensity_range": 0.3321256935596466,
    "intensity_sd": 0.05285275727510452
}