{
    "total_duration": 29.683,
    "total_words": 56,
    "unique_words_count": 33,
    "average_chunk_length_in_words": 4.0,
    "articulation_rate": 2.9709798928325117,
    "mean_deviation_of_chunks_in_words": 2.7142857142857144,
    "duration_of_silences_per_word": 0.19151785714285724,
    "mean_of_silence_duration": 0.8250000000000004,
    "mean_duration_of_long_pauses": 1.0871111111111114,
    "frequency_of_longer_pauses_divided_by_number_of_words": 0.16071428571428573,
    "types_divided_by_uttsegdur": 1.111747464878887,
    "mean_length_of_filled_pauses": 0.5474999999999999,
    "frequency_of_filled_pauses": 0.1347572684701681,
    "asr_score": 0.7926607142857146,
    "f1_mean": 384.9020466281418,
    "f2_mean": 1460.583852970884,
    "f3_mean": 2308.3011960167646,
    "f4_mean": 3379.426722637719,
    "f1_median": 340.0962620667598,
    "f2_median": 1410.062472926632,
    "f3_median": 2275.472307462035,
    "f4_median": 3303.585790103518,
    "duration": 33.3015,
    "meanF0": 116.84369138114614,
    "stdevF0": 21.65712692628962,
    "hnr": 14.845353063325367,
    "local_jitter": 0.0222039219169268,
    "local_absolute_jitter": 0.00019045270933579109,
    "rap_jitter": 0.009153852565876466,
    "ppq5_jitter": 0.009143798636803112,
    "ddp_jitter": 0.027461557697629396,
    "local_shimmer": 0.07248478615651542,
    "localdb_shimmer": 0.6928131511441757,
    "apq3_shimmer": 0.022382164676537065,
    "apq5_shimmer": 0.03425599255668273,
    "apq11_shimmer": 0.0718052762691607,
    "dda_shimmer": 0.0671464940296112,
    "mean_spectral_energy": 8.935113906860352,
    "intensity_mean": 0.07698079198598862,
    "intensity_min": 7.016640302026644e-05,
    "intensity_max": 0.34235838055610657,
    "intensity_range": 0.34228822588920593,
    "intensity_sd": 0.07562792301177979
}