{
    "total_duration": 45.517,
    "total_words": 79,
    "unique_words_count": 54,
    "average_chunk_length_in_words": 2.7241379310344827,
    "articulation_rate": 3.1441534665286954,
    "mean_deviation_of_chunks_in_words": 1.6076099881093937,
    "duration_of_silences_per_word": 0.25698734177215193,
    "mean_of_silence_duration": 0.7250714285714287,
    "mean_duration_of_long_pauses": 1.156066666666667,
    "frequency_of_longer_pauses_divided_by_number_of_words": 0.189873417721519,
    "types_divided_by_uttsegdur": 1.1863699277193136,
    "mean_length_of_filled_pauses": 0.4980000000000004,
    "frequency_of_filled_pauses": 0.21969813476283584,
    "asr_score": 0.7861012658227845,
    "f1_mean": 366.34719234740174,
    "f2_mean": 1545.8359383984703,
    "f3_mean": 2394.387872148883,
    "f4_mean": 3410.8814114644715,
    "f1_median": 327.46941591663494,
    "f2_median": 1546.2650086283675,
    "f3_median": 2360.338898579259,
    "f4_median": 3371.634061233536,
    "duration": 48.68,
    "meanF0": 103.82699773311435,
    "stdevF0": 19.961099321846273,
    "hnr": 15.202943269635455,
    "local_jitter": 0.026062682903133943,
    "local_absolute_jitter": 0.0002512543915203968,
    "rap_jitter": 0.010528671475829891,
    "ppq5_jitter": 0.01172115326849307,
    "ddp_jitter": 0.03158601442748967,
    "local_shimmer": 0.07565212549993161,
    "localdb_shimmer": 0.7544112415444616,
    "apq3_shimmer": 0.02370055720848655,
    "apq5_shimmer": 0.03473180193283123,
    "apq11_shimmer": 0.06787274224803416,
    "dda_shimmer": 0.07110167162545966,
    "mean_spectral_energy": 3.671236753463745,
    "intensity_mean": 0.050740789622068405,
    "intensity_min": 8.40030043036677e-05,
    "intensity_max": 0.3157901465892792,
    "intensity_range": 0.31570613384246826,
    "intensity_sd": 0.0470137819647789
}