{
    "total_duration": 27.038,
    "total_words": 34,
    "unique_words_count": 25,
    "average_chunk_length_in_words": 2.0,
    "articulation_rate": 2.5181454599318616,
    "mean_deviation_of_chunks_in_words": 1.1764705882352942,
    "duration_of_silences_per_word": 0.39667647058823524,
    "mean_of_silence_duration": 0.8429374999999999,
    "mean_duration_of_long_pauses": 1.0672499999999998,
    "frequency_of_longer_pauses_divided_by_number_of_words": 0.35294117647058826,
    "types_divided_by_uttsegdur": 0.924624602411421,
    "mean_length_of_filled_pauses": 0.3749999999999998,
    "frequency_of_filled_pauses": 0.14793993638582736,
    "asr_score": 0.8181764705882353,
    "f1_mean": 386.5777606940197,
    "f2_mean": 1558.5686886107499,
    "f3_mean": 2401.522071548039,
    "f4_mean": 3445.312676241945,
    "f1_median": 334.59226266066594,
    "f2_median": 1553.608635112209,
    "f3_median": 2373.229089876633,
    "f4_median": 3398.555080598167,
    "duration": 31.754875,
    "meanF0": 118.89815319205425,
    "stdevF0": 19.911507090890108,
    "hnr": 16.47150149255829,
    "local_jitter": 0.02090560063509873,
    "local_absolute_jitter": 0.0001761957105431574,
    "rap_jitter": 0.008725593623055609,
    "ppq5_jitter": 0.008518973196986274,
    "ddp_jitter": 0.026176780869166826,
    "local_shimmer": 0.059041398269987035,
    "localdb_shimmer": 0.5994591221954405,
    "apq3_shimmer": 0.01696110629093713,
    "apq5_shimmer": 0.02553860828992034,
    "apq11_shimmer": 0.0460957497333442,
    "dda_shimmer": 0.05088331887281139,
    "mean_spectral_energy": 3.5590016841888428,
    "intensity_mean": 0.04511723294854164,
    "intensity_min": 9.394224616698921e-05,
    "intensity_max": 0.2036699503660202,
    "intensity_range": 0.2035760134458542,
    "intensity_sd": 0.05101922154426575
}