{
    "total_duration": 33.939,
    "total_words": 66,
    "unique_words_count": 42,
    "average_chunk_length_in_words": 3.3,
    "articulation_rate": 3.0164533820840953,
    "mean_deviation_of_chunks_in_words": 1.6500000000000004,
    "duration_of_silences_per_word": 0.18227272727272734,
    "mean_of_silence_duration": 0.6331578947368424,
    "mean_duration_of_long_pauses": 1.0935000000000001,
    "frequency_of_longer_pauses_divided_by_number_of_words": 0.12121212121212122,
    "types_divided_by_uttsegdur": 1.237514364006011,
    "mean_length_of_filled_pauses": 0.42600000000000027,
    "frequency_of_filled_pauses": 0.29464627714428826,
    "asr_score": 0.7561363636363635,
    "f1_mean": 459.2481446249059,
    "f2_mean": 1302.7406649062737,
    "f3_mean": 2354.016083907752,
    "f4_mean": 3409.009432416994,
    "f1_median": 446.12897841111214,
    "f2_median": 1165.5307678285308,
    "f3_median": 2300.618134324327,
    "f4_median": 3434.555925463284,
    "duration": 50.275875,
    "meanF0": 110.27025641222325,
    "stdevF0": 15.852991311281496,
    "hnr": 15.216112602385765,
    "local_jitter": 0.02198826711074905,
    "local_absolute_jitter": 0.00019996112921741858,
    "rap_jitter": 0.007313544485299442,
    "ppq5_jitter": 0.009715712671158817,
    "ddp_jitter": 0.021940633455898327,
    "local_shimmer": 0.07063304852763193,
    "localdb_shimmer": 0.6975300371070872,
    "apq3_shimmer": 0.02079063127995123,
    "apq5_shimmer": 0.03251883680596135,
    "apq11_shimmer": 0.06188070962224385,
    "dda_shimmer": 0.062371893839853684,
    "mean_spectral_energy": 3.0754308700561523,
    "intensity_mean": 0.045650921761989594,
    "intensity_min": 0.00013718970876652747,
    "intensity_max": 0.22885482013225555,
    "intensity_range": 0.2287176251411438,
    "intensity_sd": 0.043855682015419006
}