{
    "total_duration": 49.595,
    "total_words": 74,
    "unique_words_count": 41,
    "average_chunk_length_in_words": 2.3125,
    "articulation_rate": 2.5908549821441076,
    "mean_deviation_of_chunks_in_words": 1.42578125,
    "duration_of_silences_per_word": 0.2803243243243243,
    "mean_of_silence_duration": 0.6691612903225806,
    "mean_duration_of_long_pauses": 1.3398181818181818,
    "frequency_of_longer_pauses_divided_by_number_of_words": 0.14864864864864866,
    "types_divided_by_uttsegdur": 0.8266962395402763,
    "mean_length_of_filled_pauses": 0.6412499999999992,
    "frequency_of_filled_pauses": 0.16130658332493195,
    "asr_score": 0.7072972972972973,
    "f1_mean": 431.12336215573936,
    "f2_mean": 1408.88897677553,
    "f3_mean": 2353.7275793742174,
    "f4_mean": 3436.2252888428634,
    "f1_median": 392.9142191023489,
    "f2_median": 1375.4311629076922,
    "f3_median": 2298.991028917262,
    "f4_median": 3444.8386171851894,
    "duration": 55.61,
    "meanF0": 115.82862827302769,
    "stdevF0": 17.870184301985912,
    "hnr": 17.854134640853687,
    "local_jitter": 0.01852559015252077,
    "local_absolute_jitter": 0.0001603824019400522,
    "rap_jitter": 0.006982355079772438,
    "ppq5_jitter": 0.007877706263046368,
    "ddp_jitter": 0.020947065239317313,
    "local_shimmer": 0.06572079343669249,
    "localdb_shimmer": 0.661646910347379,
    "apq3_shimmer": 0.01859861726945096,
    "apq5_shimmer": 0.028594689156773958,
    "apq11_shimmer": 0.05330899732940736,
    "dda_shimmer": 0.05579585180835288,
    "mean_spectral_energy": 3.293043375015259,
    "intensity_mean": 0.04427626356482506,
    "intensity_min": 0.00013425134238786995,
    "intensity_max": 0.2296435385942459,
    "intensity_range": 0.22950929403305054,
    "intensity_sd": 0.04828624054789543
}