{
    "total_duration": 28.671,
    "total_words": 53,
    "unique_words_count": 34,
    "average_chunk_length_in_words": 2.789473684210526,
    "articulation_rate": 3.1192984521217118,
    "mean_deviation_of_chunks_in_words": 1.6731301939058172,
    "duration_of_silences_per_word": 0.21077358490566037,
    "mean_of_silence_duration": 0.6206111111111111,
    "mean_duration_of_long_pauses": 0.9342222222222224,
    "frequency_of_longer_pauses_divided_by_number_of_words": 0.16981132075471697,
    "types_divided_by_uttsegdur": 1.1858672526246032,
    "mean_length_of_filled_pauses": 0.5199999999999999,
    "frequency_of_filled_pauses": 0.31390603745945383,
    "asr_score": 0.7877924528301884,
    "f1_mean": 452.668582556311,
    "f2_mean": 1418.4985832640675,
    "f3_mean": 2362.3820525376286,
    "f4_mean": 3389.3464681018986,
    "f1_median": 406.4123814518315,
    "f2_median": 1393.718486014358,
    "f3_median": 2314.913730126428,
    "f4_median": 3395.447254179807,
    "duration": 35.09,
    "meanF0": 108.45959395649835,
    "stdevF0": 15.382293162992182,
    "hnr": 16.97684907347195,
    "local_jitter": 0.016981195775552915,
    "local_absolute_jitter": 0.00015689049686243672,
    "rap_jitter": 0.005490072928660114,
    "ppq5_jitter": 0.007159109418538918,
    "ddp_jitter": 0.01647021878598034,
    "local_shimmer": 0.05745654201755175,
    "localdb_shimmer": 0.555069045802542,
    "apq3_shimmer": 0.01776699497879038,
    "apq5_shimmer": 0.0275433261910626,
    "apq11_shimmer": 0.0531136139041156,
    "dda_shimmer": 0.05330098493637114,
    "mean_spectral_energy": 2.560558557510376,
    "intensity_mean": 0.04219269007444382,
    "intensity_min": 0.00012894716928713024,
    "intensity_max": 0.20208954811096191,
    "intensity_range": 0.20196060836315155,
    "intensity_sd": 0.0394592247903347
}