{
    "total_duration": 56.472,
    "total_words": 112,
    "unique_words_count": 69,
    "average_chunk_length_in_words": 2.9473684210526314,
    "articulation_rate": 3.458818442914053,
    "mean_deviation_of_chunks_in_words": 1.7894736842105268,
    "duration_of_silences_per_word": 0.21412499999999993,
    "mean_of_silence_duration": 0.6481621621621619,
    "mean_duration_of_long_pauses": 0.9598947368421052,
    "frequency_of_longer_pauses_divided_by_number_of_words": 0.16964285714285715,
    "types_divided_by_uttsegdur": 1.2218444538886528,
    "mean_length_of_filled_pauses": 0.4079999999999998,
    "frequency_of_filled_pauses": 0.08853945318033715,
    "asr_score": 0.7893928571428573,
    "f1_mean": 430.6816918262114,
    "f2_mean": 1568.532898636478,
    "f3_mean": 2490.252412633424,
    "f4_mean": 3806.697397728883,
    "f1_median": 387.5831493567741,
    "f2_median": 1469.3537100213155,
    "f3_median": 2439.8594814677517,
    "f4_median": 3856.157244793328,
    "duration": 59.97175,
    "meanF0": 106.36112626904438,
    "stdevF0": 18.93050679437645,
    "hnr": 13.083648678093207,
    "local_jitter": 0.026190314859206334,
    "local_absolute_jitter": 0.000247170062833288,
    "rap_jitter": 0.0095956193110511,
    "ppq5_jitter": 0.011084160130867429,
    "ddp_jitter": 0.028786857933153297,
    "local_shimmer": 0.07362275347180851,
    "localdb_shimmer": 0.7417076261094425,
    "apq3_shimmer": 0.023093206930503794,
    "apq5_shimmer": 0.034790653774848065,
    "apq11_shimmer": 0.07211349902007834,
    "dda_shimmer": 0.06927962079151138,
    "mean_spectral_energy": 2.909738540649414,
    "intensity_mean": 0.04211829975247383,
    "intensity_min": 0.0001132017423515208,
    "intensity_max": 0.23431168496608734,
    "intensity_range": 0.23419848084449768,
    "intensity_sd": 0.04492737725377083
}