{
    "total_duration": 28.397,
    "total_words": 45,
    "unique_words_count": 34,
    "average_chunk_length_in_words": 2.6470588235294117,
    "articulation_rate": 2.852614896988907,
    "mean_deviation_of_chunks_in_words": 1.5847750865051902,
    "duration_of_silences_per_word": 0.2522666666666667,
    "mean_of_silence_duration": 0.7095,
    "mean_duration_of_long_pauses": 1.103625,
    "frequency_of_longer_pauses_divided_by_number_of_words": 0.17777777777777778,
    "types_divided_by_uttsegdur": 1.197309574955101,
    "mean_length_of_filled_pauses": 0.43999999999999934,
    "frequency_of_filled_pauses": 0.21128992499207663,
    "asr_score": 0.6684000000000001,
    "f1_mean": 419.5657193052908,
    "f2_mean": 1630.5522317511925,
    "f3_mean": 2560.574660997752,
    "f4_mean": 3824.1428140567846,
    "f1_median": 377.5882251926514,
    "f2_median": 1564.3068614004483,
    "f3_median": 2507.0531545836334,
    "f4_median": 3861.7845738731294,
    "duration": 40.18,
    "meanF0": 103.49124291003749,
    "stdevF0": 14.647569572191319,
    "hnr": 14.971915667659681,
    "local_jitter": 0.02766685831638419,
    "local_absolute_jitter": 0.0002679583904675368,
    "rap_jitter": 0.010527737195311608,
    "ppq5_jitter": 0.011818279965877908,
    "ddp_jitter": 0.03158321158593482,
    "local_shimmer": 0.0747194048593428,
    "localdb_shimmer": 0.6946591941813891,
    "apq3_shimmer": 0.023109044282450194,
    "apq5_shimmer": 0.03409849322294111,
    "apq11_shimmer": 0.06794086144213146,
    "dda_shimmer": 0.06932713284735058,
    "mean_spectral_energy": 2.8457834720611572,
    "intensity_mean": 0.039115309715270996,
    "intensity_min": 0.0001152790428022854,
    "intensity_max": 0.28509077429771423,
    "intensity_range": 0.28497549891471863,
    "intensity_sd": 0.046680036932229996
}