{
    "total_duration": 61.577,
    "total_words": 69,
    "unique_words_count": 45,
    "average_chunk_length_in_words": 1.9166666666666667,
    "articulation_rate": 2.5976959566297713,
    "mean_deviation_of_chunks_in_words": 1.0185185185185184,
    "duration_of_silences_per_word": 0.502695652173913,
    "mean_of_silence_duration": 0.9910285714285713,
    "mean_duration_of_long_pauses": 1.3955454545454542,
    "frequency_of_longer_pauses_divided_by_number_of_words": 0.3188405797101449,
    "types_divided_by_uttsegdur": 0.7307923412962632,
    "mean_length_of_filled_pauses": 0.6599999999999991,
    "frequency_of_filled_pauses": 0.27607710671192165,
    "asr_score": 0.7371884057971013,
    "f1_mean": 419.25455586970276,
    "f2_mean": 1594.8355635364426,
    "f3_mean": 2584.168350880017,
    "f4_mean": 3543.611748746599,
    "f1_median": 376.9033749305447,
    "f2_median": 1508.3293182762786,
    "f3_median": 2589.7212845266304,
    "f4_median": 3534.922487810632,
    "duration": 61.93,
    "meanF0": 123.53298761062288,
    "stdevF0": 20.70460890653595,
    "hnr": 16.827197079180998,
    "local_jitter": 0.022349303277704968,
    "local_absolute_jitter": 0.00018131887177153615,
    "rap_jitter": 0.007851376398112524,
    "ppq5_jitter": 0.010563385831185993,
    "ddp_jitter": 0.023554129194337574,
    "local_shimmer": 0.0864083536886,
    "localdb_shimmer": 0.8187237839332486,
    "apq3_shimmer": 0.030984339517474608,
    "apq5_shimmer": 0.04582545582676436,
    "apq11_shimmer": 0.07671773655549748,
    "dda_shimmer": 0.09295301855242383,
    "mean_spectral_energy": 0.14517180621623993,
    "intensity_mean": 0.010041472502052784,
    "intensity_min": 3.646912591648288e-05,
    "intensity_max": 0.04944651201367378,
    "intensity_range": 0.04941004142165184,
    "intensity_sd": 0.009400834329426289
}