{
    "total_duration": 71.237,
    "total_words": 73,
    "unique_words_count": 44,
    "average_chunk_length_in_words": 2.28125,
    "articulation_rate": 3.415684072618382,
    "mean_deviation_of_chunks_in_words": 1.484375,
    "duration_of_silences_per_word": 0.6810410958904112,
    "mean_of_silence_duration": 1.6037419354838716,
    "mean_duration_of_long_pauses": 2.135227272727273,
    "frequency_of_longer_pauses_divided_by_number_of_words": 0.3013698630136986,
    "types_divided_by_uttsegdur": 0.6176565548801887,
    "mean_length_of_filled_pauses": 0.5799999999999996,
    "frequency_of_filled_pauses": 0.21056473461824615,
    "asr_score": 0.758890410958904,
    "f1_mean": 442.5319915187263,
    "f2_mean": 1542.1759136038681,
    "f3_mean": 2586.982068080979,
    "f4_mean": 3612.6161369842816,
    "f1_median": 405.14605027198587,
    "f2_median": 1514.7972403345057,
    "f3_median": 2595.124260998309,
    "f4_median": 3630.5893823269303,
    "duration": 85.07,
    "meanF0": 111.80119188456817,
    "stdevF0": 18.482276334213182,
    "hnr": 13.910654511116885,
    "local_jitter": 0.02690858064789823,
    "local_absolute_jitter": 0.00024126370243055095,
    "rap_jitter": 0.009887729750155623,
    "ppq5_jitter": 0.013431549694606755,
    "ddp_jitter": 0.02966318925046687,
    "local_shimmer": 0.10356360110287269,
    "localdb_shimmer": 0.9731674479230354,
    "apq3_shimmer": 0.04244049105798466,
    "apq5_shimmer": 0.05714837751121243,
    "apq11_shimmer": 0.08385222286728397,
    "dda_shimmer": 0.12732147317395398,
    "mean_spectral_energy": 0.047658585011959076,
    "intensity_mean": 0.004715410061180592,
    "intensity_min": 3.094745989073999e-05,
    "intensity_max": 0.034980408847332,
    "intensity_range": 0.03494946286082268,
    "intensity_sd": 0.006314787548035383
}