{
    "total_duration": 46.574,
    "total_words": 60,
    "unique_words_count": 36,
    "average_chunk_length_in_words": 2.142857142857143,
    "articulation_rate": 3.371354722706074,
    "mean_deviation_of_chunks_in_words": 1.2142857142857146,
    "duration_of_silences_per_word": 0.4757999999999999,
    "mean_of_silence_duration": 1.0573333333333332,
    "mean_duration_of_long_pauses": 1.5002941176470592,
    "frequency_of_longer_pauses_divided_by_number_of_words": 0.2833333333333333,
    "types_divided_by_uttsegdur": 0.7729634560054967,
    "mean_length_of_filled_pauses": 0.6179999999999997,
    "frequency_of_filled_pauses": 0.21471207111263796,
    "asr_score": 0.7669833333333332,
    "f1_mean": 401.7015649576337,
    "f2_mean": 1527.406658291912,
    "f3_mean": 2605.7800944074993,
    "f4_mean": 3522.7464435616757,
    "f1_median": 352.41560824298153,
    "f2_median": 1423.9436641074315,
    "f3_median": 2621.096632703786,
    "f4_median": 3542.258436403981,
    "duration": 49.71,
    "meanF0": 115.72357192217383,
    "stdevF0": 18.44867532565115,
    "hnr": 16.128940702793408,
    "local_jitter": 0.0232619514907424,
    "local_absolute_jitter": 0.000201328819214563,
    "rap_jitter": 0.007801746855403157,
    "ppq5_jitter": 0.010774736373008926,
    "ddp_jitter": 0.023405240566209472,
    "local_shimmer": 0.09028471279832606,
    "localdb_shimmer": 0.852122518159995,
    "apq3_shimmer": 0.035538701711475176,
    "apq5_shimmer": 0.0479586364455208,
    "apq11_shimmer": 0.07849921804892107,
    "dda_shimmer": 0.10661610513442553,
    "mean_spectral_energy": 0.040561459958553314,
    "intensity_mean": 0.004943755455315113,
    "intensity_min": 3.231648588553071e-05,
    "intensity_max": 0.03129788488149643,
    "intensity_range": 0.03126556798815727,
    "intensity_sd": 0.005331351887434721
}