{
    "total_duration": 30.352,
    "total_words": 44,
    "unique_words_count": 30,
    "average_chunk_length_in_words": 2.0,
    "articulation_rate": 3.178042614662333,
    "mean_deviation_of_chunks_in_words": 0.7272727272727273,
    "duration_of_silences_per_word": 0.37268181818181817,
    "mean_of_silence_duration": 0.7808571428571428,
    "mean_duration_of_long_pauses": 0.9596875000000001,
    "frequency_of_longer_pauses_divided_by_number_of_words": 0.36363636363636365,
    "types_divided_by_uttsegdur": 0.9884027411702688,
    "mean_length_of_filled_pauses": 0.4949999999999998,
    "frequency_of_filled_pauses": 0.3294675803900896,
    "asr_score": 0.785704545454545,
    "f1_mean": 404.96086965708133,
    "f2_mean": 1543.6610091934003,
    "f3_mean": 2602.562325767275,
    "f4_mean": 3432.8814316260878,
    "f1_median": 363.63626502676914,
    "f2_median": 1492.0149066365368,
    "f3_median": 2609.688362270731,
    "f4_median": 3391.605632860863,
    "duration": 31.111875,
    "meanF0": 113.61898014910498,
    "stdevF0": 23.836134463943747,
    "hnr": 14.838961226041532,
    "local_jitter": 0.02442614395631508,
    "local_absolute_jitter": 0.00021572440304749315,
    "rap_jitter": 0.008727430663841188,
    "ppq5_jitter": 0.011747929171425257,
    "ddp_jitter": 0.026182291991523565,
    "local_shimmer": 0.09533043333520269,
    "localdb_shimmer": 0.9498501484236477,
    "apq3_shimmer": 0.03788840050349197,
    "apq5_shimmer": 0.05090112043237678,
    "apq11_shimmer": 0.08776740027075716,
    "dda_shimmer": 0.11366520151047592,
    "mean_spectral_energy": 0.05184483155608177,
    "intensity_mean": 0.006304736714810133,
    "intensity_min": 3.095270221820101e-05,
    "intensity_max": 0.02297065034508705,
    "intensity_range": 0.02293969690799713,
    "intensity_sd": 0.005274482071399689
}