{
    "total_duration": 45.629,
    "total_words": 82,
    "unique_words_count": 46,
    "average_chunk_length_in_words": 2.2777777777777777,
    "articulation_rate": 3.825875985629636,
    "mean_deviation_of_chunks_in_words": 1.1635802469135803,
    "duration_of_silences_per_word": 0.2944756097560975,
    "mean_of_silence_duration": 0.6899142857142856,
    "mean_duration_of_long_pauses": 0.9336666666666661,
    "frequency_of_longer_pauses_divided_by_number_of_words": 0.25609756097560976,
    "types_divided_by_uttsegdur": 1.0081307940125799,
    "mean_length_of_filled_pauses": 0.3899999999999982,
    "frequency_of_filled_pauses": 0.06574766047908129,
    "asr_score": 0.7929512195121948,
    "f1_mean": 403.5820682800808,
    "f2_mean": 1570.6961399231511,
    "f3_mean": 2531.055768129036,
    "f4_mean": 3521.2385182188523,
    "f1_median": 363.49161906970835,
    "f2_median": 1584.9620418171753,
    "f3_median": 2526.10506647438,
    "f4_median": 3472.7325741143704,
    "duration": 51.42,
    "meanF0": 122.18297667314863,
    "stdevF0": 21.294158985948368,
    "hnr": 13.464968016129047,
    "local_jitter": 0.030189040401175343,
    "local_absolute_jitter": 0.00024776375749918384,
    "rap_jitter": 0.01014183238756059,
    "ppq5_jitter": 0.014452853712144637,
    "ddp_jitter": 0.030425497162681767,
    "local_shimmer": 0.10899129515967657,
    "localdb_shimmer": 1.0273223788762667,
    "apq3_shimmer": 0.04202896106929164,
    "apq5_shimmer": 0.06211597542471209,
    "apq11_shimmer": 0.09811402819442132,
    "dda_shimmer": 0.12608688320787492,
    "mean_spectral_energy": 0.07630883902311325,
    "intensity_mean": 0.006403617560863495,
    "intensity_min": 4.132442700210959e-05,
    "intensity_max": 0.031697601079940796,
    "intensity_range": 0.03165627643465996,
    "intensity_sd": 0.007645000237971544
}