{
    "total_duration": 37.956,
    "total_words": 47,
    "unique_words_count": 35,
    "average_chunk_length_in_words": 2.0434782608695654,
    "articulation_rate": 2.372179881895723,
    "mean_deviation_of_chunks_in_words": 0.9376181474480157,
    "duration_of_silences_per_word": 0.38455319148936146,
    "mean_of_silence_duration": 0.821545454545454,
    "mean_duration_of_long_pauses": 1.2525833333333327,
    "frequency_of_longer_pauses_divided_by_number_of_words": 0.2553191489361702,
    "types_divided_by_uttsegdur": 0.922120349878807,
    "mean_length_of_filled_pauses": 0,
    "frequency_of_filled_pauses": 0.0,
    "asr_score": 0.7553829787234044,
    "f1_mean": 478.4917596893867,
    "f2_mean": 1669.9555000353446,
    "f3_mean": 2835.899158979941,
    "f4_mean": 3837.541324525402,
    "f1_median": 445.85811083891826,
    "f2_median": 1669.4567476258849,
    "f3_median": 2959.53306192734,
    "f4_median": 3920.5102353969546,
    "duration": 38.68,
    "meanF0": 212.24533131972086,
    "stdevF0": 36.15481791331782,
    "hnr": 20.688533481555435,
    "local_jitter": 0.014265374400670914,
    "local_absolute_jitter": 6.718541435954767e-05,
    "rap_jitter": 0.00714440065291559,
    "ppq5_jitter": 0.006858231518617205,
    "ddp_jitter": 0.02143320195874677,
    "local_shimmer": 0.05554626282627197,
    "localdb_shimmer": 0.5715019450783444,
    "apq3_shimmer": 0.023619006829904518,
    "apq5_shimmer": 0.025148499460664213,
    "apq11_shimmer": 0.03946824741293582,
    "dda_shimmer": 0.07085702048971355,
    "mean_spectral_energy": 0.00576374214142561,
    "intensity_mean": 0.0018719983054324985,
    "intensity_min": 3.405127426958643e-05,
    "intensity_max": 0.007855814881622791,
    "intensity_range": 0.0078217638656497,
    "intensity_sd": 0.0020015034824609756
}