{
    "total_duration": 22.701,
    "total_words": 37,
    "unique_words_count": 22,
    "average_chunk_length_in_words": 1.9473684210526316,
    "articulation_rate": 3.0015413320353685,
    "mean_deviation_of_chunks_in_words": 0.8975069252077563,
    "duration_of_silences_per_word": 0.27797297297297285,
    "mean_of_silence_duration": 0.5713888888888887,
    "mean_duration_of_long_pauses": 0.7729999999999997,
    "frequency_of_longer_pauses_divided_by_number_of_words": 0.2972972972972973,
    "types_divided_by_uttsegdur": 0.9691203030703494,
    "mean_length_of_filled_pauses": 0.2999999999999998,
    "frequency_of_filled_pauses": 0.04405092286683406,
    "asr_score": 0.7456216216216217,
    "f1_mean": 502.53196780514764,
    "f2_mean": 1611.3427171301068,
    "f3_mean": 2902.7719104454836,
    "f4_mean": 3900.900859869106,
    "f1_median": 473.05478628507353,
    "f2_median": 1605.2145689289227,
    "f3_median": 3022.7112670624683,
    "f4_median": 4008.6392839285836,
    "duration": 31.10275,
    "meanF0": 230.53311606037096,
    "stdevF0": 31.2819115223529,
    "hnr": 22.373024018683974,
    "local_jitter": 0.011627018934945083,
    "local_absolute_jitter": 5.004402053800021e-05,
    "rap_jitter": 0.0052738096634170895,
    "ppq5_jitter": 0.005436304117078527,
    "ddp_jitter": 0.01582142899025127,
    "local_shimmer": 0.04101178952430975,
    "localdb_shimmer": 0.4580138985194214,
    "apq3_shimmer": 0.012860365318678315,
    "apq5_shimmer": 0.01658735866619989,
    "apq11_shimmer": 0.030817199678286947,
    "dda_shimmer": 0.03858109595603494,
    "mean_spectral_energy": 0.021581554785370827,
    "intensity_mean": 0.003294219495728612,
    "intensity_min": 5.39138272870332e-05,
    "intensity_max": 0.015621982514858246,
    "intensity_range": 0.015568068251013756,
    "intensity_sd": 0.004156117793172598
}