{
    "total_duration": 25.357,
    "total_words": 36,
    "unique_words_count": 26,
    "average_chunk_length_in_words": 2.25,
    "articulation_rate": 2.2724403484408526,
    "mean_deviation_of_chunks_in_words": 1.09375,
    "duration_of_silences_per_word": 0.2640555555555555,
    "mean_of_silence_duration": 0.6337333333333331,
    "mean_duration_of_long_pauses": 0.9664285714285716,
    "frequency_of_longer_pauses_divided_by_number_of_words": 0.19444444444444445,
    "types_divided_by_uttsegdur": 1.0253578893402218,
    "mean_length_of_filled_pauses": 0.375,
    "frequency_of_filled_pauses": 0.07887368379540166,
    "asr_score": 0.8123888888888889,
    "f1_mean": 469.57694900625273,
    "f2_mean": 1619.071792554431,
    "f3_mean": 2842.4085334340816,
    "f4_mean": 3886.1897032076768,
    "f1_median": 454.264753100436,
    "f2_median": 1718.0551493642333,
    "f3_median": 2995.630563566425,
    "f4_median": 4022.7504943328004,
    "duration": 36.44,
    "meanF0": 208.4188502542336,
    "stdevF0": 49.27372400015976,
    "hnr": 19.187245400581723,
    "local_jitter": 0.017324570792838247,
    "local_absolute_jitter": 8.276894614377068e-05,
    "rap_jitter": 0.007890244639417152,
    "ppq5_jitter": 0.0081318941875505,
    "ddp_jitter": 0.023670733918251457,
    "local_shimmer": 0.06149476297469958,
    "localdb_shimmer": 0.6645916467532906,
    "apq3_shimmer": 0.021594964155407657,
    "apq5_shimmer": 0.026256905389456246,
    "apq11_shimmer": 0.04831664061208097,
    "dda_shimmer": 0.06478489246622297,
    "mean_spectral_energy": 0.024582507088780403,
    "intensity_mean": 0.00336730619892478,
    "intensity_min": 5.4945714509813115e-05,
    "intensity_max": 0.022062258794903755,
    "intensity_range": 0.02200731262564659,
    "intensity_sd": 0.004549737554043531
}