{
    "total_duration": 42.136,
    "total_words": 43,
    "unique_words_count": 29,
    "average_chunk_length_in_words": 1.5925925925925926,
    "articulation_rate": 2.6101736068957138,
    "mean_deviation_of_chunks_in_words": 0.7023319615912207,
    "duration_of_silences_per_word": 0.5951860465116279,
    "mean_of_silence_duration": 0.9843461538461539,
    "mean_duration_of_long_pauses": 1.6899230769230764,
    "frequency_of_longer_pauses_divided_by_number_of_words": 0.3023255813953488,
    "types_divided_by_uttsegdur": 0.688247579267135,
    "mean_length_of_filled_pauses": 0.35999999999999943,
    "frequency_of_filled_pauses": 0.023732675147142585,
    "asr_score": 0.8001627906976742,
    "f1_mean": 494.6731292427137,
    "f2_mean": 1671.2345369787981,
    "f3_mean": 2822.648768404329,
    "f4_mean": 3821.1722170429944,
    "f1_median": 468.41963846742317,
    "f2_median": 1641.9068798018666,
    "f3_median": 2944.635554002902,
    "f4_median": 3896.8156632266127,
    "duration": 50.55,
    "meanF0": 207.66682097334953,
    "stdevF0": 44.1934309204878,
    "hnr": 19.902029341064207,
    "local_jitter": 0.014902198377498448,
    "local_absolute_jitter": 7.159441028489705e-05,
    "rap_jitter": 0.007581532125908605,
    "ppq5_jitter": 0.007159703443098595,
    "ddp_jitter": 0.022744596377725815,
    "local_shimmer": 0.05412860318733907,
    "localdb_shimmer": 0.566986703495324,
    "apq3_shimmer": 0.022585824792420262,
    "apq5_shimmer": 0.02451690704056197,
    "apq11_shimmer": 0.03803372604479606,
    "dda_shimmer": 0.06775747437726079,
    "mean_spectral_energy": 0.004449779167771339,
    "intensity_mean": 0.0014425617409870028,
    "intensity_min": 3.344750075484626e-05,
    "intensity_max": 0.0074198199436068535,
    "intensity_range": 0.007386372424662113,
    "intensity_sd": 0.0019282866269350052
}