{
    "total_duration": 46.456,
    "total_words": 57,
    "unique_words_count": 41,
    "average_chunk_length_in_words": 1.8387096774193548,
    "articulation_rate": 3.18809776833156,
    "mean_deviation_of_chunks_in_words": 0.9739854318418317,
    "duration_of_silences_per_word": 0.49908771929824547,
    "mean_of_silence_duration": 0.9482666666666665,
    "mean_duration_of_long_pauses": 1.579,
    "frequency_of_longer_pauses_divided_by_number_of_words": 0.2631578947368421,
    "types_divided_by_uttsegdur": 0.8825555364215601,
    "mean_length_of_filled_pauses": 0.4349999999999983,
    "frequency_of_filled_pauses": 0.08610297916307903,
    "asr_score": 0.8109824561403509,
    "f1_mean": 484.78241164972866,
    "f2_mean": 1734.3881104459897,
    "f3_mean": 2915.3122800339697,
    "f4_mean": 3885.606508732826,
    "f1_median": 450.9640022877287,
    "f2_median": 1702.884405175298,
    "f3_median": 3002.3619286594185,
    "f4_median": 3954.2525038429717,
    "duration": 54.75,
    "meanF0": 215.79733673021582,
    "stdevF0": 41.36217406947574,
    "hnr": 19.897583528393262,
    "local_jitter": 0.017069390930188076,
    "local_absolute_jitter": 7.89660287680855e-05,
    "rap_jitter": 0.008762236205596538,
    "ppq5_jitter": 0.008189398185727106,
    "ddp_jitter": 0.02628670861678961,
    "local_shimmer": 0.06614394080727556,
    "localdb_shimmer": 0.6864292429438147,
    "apq3_shimmer": 0.027596613454834055,
    "apq5_shimmer": 0.029688157656544936,
    "apq11_shimmer": 0.04597875330881879,
    "dda_shimmer": 0.08278984036450217,
    "mean_spectral_energy": 0.017416929826140404,
    "intensity_mean": 0.0029162801802158356,
    "intensity_min": 5.596779374172911e-05,
    "intensity_max": 0.019916685298085213,
    "intensity_range": 0.01986071839928627,
    "intensity_sd": 0.00376756745390594
}