{
    "total_duration": 40.058,
    "total_words": 73,
    "unique_words_count": 46,
    "average_chunk_length_in_words": 3.1739130434782608,
    "articulation_rate": 2.5996225205655072,
    "mean_deviation_of_chunks_in_words": 2.007561436672968,
    "duration_of_silences_per_word": 0.15846575342465757,
    "mean_of_silence_duration": 0.525818181818182,
    "mean_duration_of_long_pauses": 0.8314545454545459,
    "frequency_of_longer_pauses_divided_by_number_of_words": 0.1506849315068493,
    "types_divided_by_uttsegdur": 1.1483349143741575,
    "mean_length_of_filled_pauses": 0.33000000000000007,
    "frequency_of_filled_pauses": 0.049927604972789454,
    "asr_score": 0.7829863013698627,
    "f1_mean": 470.9838499879711,
    "f2_mean": 1405.6804625903537,
    "f3_mean": 2650.277820185335,
    "f4_mean": 3662.9191092244328,
    "f1_median": 447.40282140665306,
    "f2_median": 1388.6250194826869,
    "f3_median": 2798.67225211439,
    "f4_median": 3838.339390770053,
    "duration": 42.754125,
    "meanF0": 209.44233284906525,
    "stdevF0": 41.10094238254262,
    "hnr": 19.291484963307582,
    "local_jitter": 0.020445788608095115,
    "local_absolute_jitter": 9.767806062096651e-05,
    "rap_jitter": 0.011291165861874432,
    "ppq5_jitter": 0.009196538936622194,
    "ddp_jitter": 0.033873497585623295,
    "local_shimmer": 0.06117666327035935,
    "localdb_shimmer": 0.634279395893823,
    "apq3_shimmer": 0.0226679487538519,
    "apq5_shimmer": 0.025996503607146313,
    "apq11_shimmer": 0.05352046113551968,
    "dda_shimmer": 0.0680038462615557,
    "mean_spectral_energy": 0.07769010215997696,
    "intensity_mean": 0.008194167166948318,
    "intensity_min": 9.89173713605851e-05,
    "intensity_max": 0.024140438064932823,
    "intensity_range": 0.024041520431637764,
    "intensity_sd": 0.005840118043124676
}