{
    "total_duration": 59.817,
    "total_words": 71,
    "unique_words_count": 48,
    "average_chunk_length_in_words": 4.4375,
    "articulation_rate": 2.228569634954016,
    "mean_deviation_of_chunks_in_words": 2.6171875,
    "duration_of_silences_per_word": 0.38745070422535205,
    "mean_of_silence_duration": 1.8339333333333332,
    "mean_duration_of_long_pauses": 3.2136249999999995,
    "frequency_of_longer_pauses_divided_by_number_of_words": 0.11267605633802817,
    "types_divided_by_uttsegdur": 0.802447464767541,
    "mean_length_of_filled_pauses": 0.47099999999999953,
    "frequency_of_filled_pauses": 0.16717655515990437,
    "asr_score": 0.7326197183098593,
    "f1_mean": 506.7302833649489,
    "f2_mean": 1295.6523746806529,
    "f3_mean": 2417.276641260032,
    "f4_mean": 3464.7539571227103,
    "f1_median": 497.5743234772989,
    "f2_median": 1235.6852654704783,
    "f3_median": 2599.7396796339435,
    "f4_median": 3414.9689007368343,
    "duration": 65.86,
    "meanF0": 225.0765934053632,
    "stdevF0": 32.878821011785135,
    "hnr": 20.840182845952942,
    "local_jitter": 0.014109771220593112,
    "local_absolute_jitter": 6.251025004388311e-05,
    "rap_jitter": 0.006557362891125879,
    "ppq5_jitter": 0.006311803528212683,
    "ddp_jitter": 0.01967208867337764,
    "local_shimmer": 0.05056357580671551,
    "localdb_shimmer": 0.554788988184396,
    "apq3_shimmer": 0.014267935545812823,
    "apq5_shimmer": 0.020411200678481442,
    "apq11_shimmer": 0.04621205340754195,
    "dda_shimmer": 0.04280380663743847,
    "mean_spectral_energy": 0.07524517923593521,
    "intensity_mean": 0.006743877660483122,
    "intensity_min": 5.868401058251038e-05,
    "intensity_max": 0.03382205590605736,
    "intensity_range": 0.03376337140798569,
    "intensity_sd": 0.007251746021211147
}