{
    "total_duration": 56.768,
    "total_words": 81,
    "unique_words_count": 52,
    "average_chunk_length_in_words": 2.793103448275862,
    "articulation_rate": 2.5435704192180864,
    "mean_deviation_of_chunks_in_words": 1.7574316290130805,
    "duration_of_silences_per_word": 0.30237037037037023,
    "mean_of_silence_duration": 0.8747142857142853,
    "mean_duration_of_long_pauses": 1.221666666666666,
    "frequency_of_longer_pauses_divided_by_number_of_words": 0.2222222222222222,
    "types_divided_by_uttsegdur": 0.9160090191657272,
    "mean_length_of_filled_pauses": 0.3900000000000003,
    "frequency_of_filled_pauses": 0.1056933483652762,
    "asr_score": 0.6878765432098761,
    "f1_mean": 483.70097036036407,
    "f2_mean": 1277.0951715783428,
    "f3_mean": 2473.197307002375,
    "f4_mean": 3529.015054567141,
    "f1_median": 479.75378798360924,
    "f2_median": 1241.6581380947553,
    "f3_median": 2622.266080494953,
    "f4_median": 3588.546237290651,
    "duration": 65.7,
    "meanF0": 211.22256565457985,
    "stdevF0": 40.42419358925204,
    "hnr": 20.401168485488792,
    "local_jitter": 0.016008237178322837,
    "local_absolute_jitter": 7.567254997024624e-05,
    "rap_jitter": 0.007626136878562342,
    "ppq5_jitter": 0.007285007593290056,
    "ddp_jitter": 0.022878410635687026,
    "local_shimmer": 0.052437581099570245,
    "localdb_shimmer": 0.5865746143428087,
    "apq3_shimmer": 0.01544989904004132,
    "apq5_shimmer": 0.02151077542718552,
    "apq11_shimmer": 0.049333576491543865,
    "dda_shimmer": 0.04634969712012396,
    "mean_spectral_energy": 0.05648013576865196,
    "intensity_mean": 0.006114146206527948,
    "intensity_min": 5.9018424508394673e-05,
    "intensity_max": 0.028981266543269157,
    "intensity_range": 0.028922248631715775,
    "intensity_sd": 0.006018754094839096
}