{
    "total_duration": 51.357,
    "total_words": 43,
    "unique_words_count": 35,
    "average_chunk_length_in_words": 3.909090909090909,
    "articulation_rate": 1.2026290029366524,
    "mean_deviation_of_chunks_in_words": 2.809917355371901,
    "duration_of_silences_per_word": 0.3528604651162792,
    "mean_of_silence_duration": 1.5173000000000005,
    "mean_duration_of_long_pauses": 3.4532500000000006,
    "frequency_of_longer_pauses_divided_by_number_of_words": 0.09302325581395349,
    "types_divided_by_uttsegdur": 0.6815039819304087,
    "mean_length_of_filled_pauses": 0.4620000000000001,
    "frequency_of_filled_pauses": 0.0973577117043441,
    "asr_score": 0.7051627906976744,
    "f1_mean": 501.212047705146,
    "f2_mean": 1272.4555577775413,
    "f3_mean": 2371.5038276903124,
    "f4_mean": 3501.6381691187776,
    "f1_median": 503.4276627718775,
    "f2_median": 1241.2034999168668,
    "f3_median": 2527.5888736502484,
    "f4_median": 3590.812464409647,
    "duration": 61.88,
    "meanF0": 217.85561149815973,
    "stdevF0": 42.16735796200609,
    "hnr": 19.558461400140224,
    "local_jitter": 0.016168481228141088,
    "local_absolute_jitter": 7.4089408669385e-05,
    "rap_jitter": 0.0077343136383187915,
    "ppq5_jitter": 0.007155037658641058,
    "ddp_jitter": 0.023202940914956373,
    "local_shimmer": 0.05151182830750273,
    "localdb_shimmer": 0.5776854170626269,
    "apq3_shimmer": 0.016343657163758494,
    "apq5_shimmer": 0.021240427768338628,
    "apq11_shimmer": 0.04368636534969422,
    "dda_shimmer": 0.049030971491275485,
    "mean_spectral_energy": 0.031950198113918304,
    "intensity_mean": 0.003787121269851923,
    "intensity_min": 6.251990998862311e-05,
    "intensity_max": 0.0262827817350626,
    "intensity_range": 0.026220262050628662,
    "intensity_sd": 0.005224623251706362
}