{
    "total_duration": 27.308,
    "total_words": 52,
    "unique_words_count": 39,
    "average_chunk_length_in_words": 3.25,
    "articulation_rate": 3.254678600488203,
    "mean_deviation_of_chunks_in_words": 2.03125,
    "duration_of_silences_per_word": 0.2158076923076924,
    "mean_of_silence_duration": 0.7481333333333336,
    "mean_duration_of_long_pauses": 1.1450000000000005,
    "frequency_of_longer_pauses_divided_by_number_of_words": 0.15384615384615385,
    "types_divided_by_uttsegdur": 1.4281529222205946,
    "mean_length_of_filled_pauses": 0.4050000000000007,
    "frequency_of_filled_pauses": 0.07323861139592794,
    "asr_score": 0.7470192307692306,
    "f1_mean": 495.65521966547254,
    "f2_mean": 1328.6121833097677,
    "f3_mean": 2488.054129649722,
    "f4_mean": 3500.769974329921,
    "f1_median": 475.8159158704348,
    "f2_median": 1292.6471086578597,
    "f3_median": 2636.229041290715,
    "f4_median": 3570.980728417837,
    "duration": 33.5369375,
    "meanF0": 225.98874355210296,
    "stdevF0": 28.34590989451675,
    "hnr": 20.788002765977424,
    "local_jitter": 0.015873980031734305,
    "local_absolute_jitter": 7.025564848676414e-05,
    "rap_jitter": 0.007698660874931486,
    "ppq5_jitter": 0.006443140127619517,
    "ddp_jitter": 0.02309598262479446,
    "local_shimmer": 0.04977651228817343,
    "localdb_shimmer": 0.5557005710978973,
    "apq3_shimmer": 0.014386729130855553,
    "apq5_shimmer": 0.0194000013301885,
    "apq11_shimmer": 0.04296698079266881,
    "dda_shimmer": 0.04316018739256666,
    "mean_spectral_energy": 0.05786481499671936,
    "intensity_mean": 0.006280130706727505,
    "intensity_min": 6.385806773323566e-05,
    "intensity_max": 0.024109091609716415,
    "intensity_range": 0.02404523268342018,
    "intensity_sd": 0.005996402353048325
}