{
    "total_duration": 36.2,
    "total_words": 38,
    "unique_words_count": 22,
    "average_chunk_length_in_words": 2.923076923076923,
    "articulation_rate": 2.7508324887794986,
    "mean_deviation_of_chunks_in_words": 1.6094674556213018,
    "duration_of_silences_per_word": 0.5172368421052632,
    "mean_of_silence_duration": 1.6379166666666667,
    "mean_duration_of_long_pauses": 3.5986,
    "frequency_of_longer_pauses_divided_by_number_of_words": 0.13157894736842105,
    "types_divided_by_uttsegdur": 0.6077348066298343,
    "mean_length_of_filled_pauses": 0.47999999999999954,
    "frequency_of_filled_pauses": 0.11049723756906077,
    "asr_score": 0.7708684210526315,
    "f1_mean": 511.5892961404611,
    "f2_mean": 1270.1642090870855,
    "f3_mean": 2424.572390016138,
    "f4_mean": 3488.551301526443,
    "f1_median": 494.23783483925996,
    "f2_median": 1204.2749975366578,
    "f3_median": 2610.154510558217,
    "f4_median": 3527.5045296041617,
    "duration": 49.6215,
    "meanF0": 224.50012968906626,
    "stdevF0": 33.37977072717032,
    "hnr": 23.00396549465033,
    "local_jitter": 0.012681114868633813,
    "local_absolute_jitter": 5.6367287095296264e-05,
    "rap_jitter": 0.005762249418014355,
    "ppq5_jitter": 0.005211121844049158,
    "ddp_jitter": 0.017286748254043062,
    "local_shimmer": 0.04510807031775969,
    "localdb_shimmer": 0.4815646424496507,
    "apq3_shimmer": 0.012714287839956479,
    "apq5_shimmer": 0.01803151250734358,
    "apq11_shimmer": 0.038498845181756135,
    "dda_shimmer": 0.03814286351986944,
    "mean_spectral_energy": 0.04512142762541771,
    "intensity_mean": 0.004044694826006889,
    "intensity_min": 6.114587449701503e-05,
    "intensity_max": 0.06530603766441345,
    "intensity_range": 0.0652448907494545,
    "intensity_sd": 0.006512866821140051
}