{
    "total_duration": 58.401,
    "total_words": 71,
    "unique_words_count": 47,
    "average_chunk_length_in_words": 1.775,
    "articulation_rate": 2.431090566683787,
    "mean_deviation_of_chunks_in_words": 0.7750000000000001,
    "duration_of_silences_per_word": 0.41080281690140846,
    "mean_of_silence_duration": 0.7478717948717949,
    "mean_duration_of_long_pauses": 1.1430000000000002,
    "frequency_of_longer_pauses_divided_by_number_of_words": 0.28169014084507044,
    "types_divided_by_uttsegdur": 0.8047807400558209,
    "mean_length_of_filled_pauses": 0.5261538461538459,
    "frequency_of_filled_pauses": 0.2225989281005462,
    "asr_score": 0.7902535211267605,
    "f1_mean": 496.2284936921467,
    "f2_mean": 1549.8256595185321,
    "f3_mean": 2472.2576053123285,
    "f4_mean": 3920.3654064153734,
    "f1_median": 516.5527774391919,
    "f2_median": 1562.7555561553527,
    "f3_median": 2454.8457621737653,
    "f4_median": 4025.7906760911615,
    "duration": 66.7208125,
    "meanF0": 144.86041686934516,
    "stdevF0": 25.307940891166098,
    "hnr": 14.986040420524855,
    "local_jitter": 0.02302031393434505,
    "local_absolute_jitter": 0.00015926719402819856,
    "rap_jitter": 0.009990320795248569,
    "ppq5_jitter": 0.00955752550693564,
    "ddp_jitter": 0.029970962385745707,
    "local_shimmer": 0.07217551007671548,
    "localdb_shimmer": 0.7522779950216436,
    "apq3_shimmer": 0.022593208918764512,
    "apq5_shimmer": 0.030968184680019026,
    "apq11_shimmer": 0.061580224762005274,
    "dda_shimmer": 0.06777962675629354,
    "mean_spectral_energy": 0.9043238759040833,
    "intensity_mean": 0.02296571433544159,
    "intensity_min": 5.297173993312754e-05,
    "intensity_max": 0.14481544494628906,
    "intensity_range": 0.14476247131824493,
    "intensity_sd": 0.025518573820590973
}