{
    "total_duration": 28.098,
    "total_words": 38,
    "unique_words_count": 31,
    "average_chunk_length_in_words": 2.375,
    "articulation_rate": 2.6129409337825757,
    "mean_deviation_of_chunks_in_words": 1.265625,
    "duration_of_silences_per_word": 0.3506842105263158,
    "mean_of_silence_duration": 0.8884000000000001,
    "mean_duration_of_long_pauses": 1.251555555555556,
    "frequency_of_longer_pauses_divided_by_number_of_words": 0.23684210526315788,
    "types_divided_by_uttsegdur": 1.1032813723396684,
    "mean_length_of_filled_pauses": 0.5549999999999997,
    "frequency_of_filled_pauses": 0.28471777350701116,
    "asr_score": 0.8140526315789473,
    "f1_mean": 472.64982004497205,
    "f2_mean": 1628.1483798929514,
    "f3_mean": 2586.9656343995657,
    "f4_mean": 3935.702102327728,
    "f1_median": 470.60661182539405,
    "f2_median": 1635.128919797201,
    "f3_median": 2537.3150124525673,
    "f4_median": 4006.098459434981,
    "duration": 36.52,
    "meanF0": 148.91264739716462,
    "stdevF0": 23.076785220305855,
    "hnr": 15.947878173086275,
    "local_jitter": 0.018185532387882942,
    "local_absolute_jitter": 0.00012208326433104627,
    "rap_jitter": 0.007449476670349247,
    "ppq5_jitter": 0.007392771874885811,
    "ddp_jitter": 0.02234843001104774,
    "local_shimmer": 0.07325901801744276,
    "localdb_shimmer": 0.7347478902963762,
    "apq3_shimmer": 0.020637951513206264,
    "apq5_shimmer": 0.033253717129910855,
    "apq11_shimmer": 0.07432906669523133,
    "dda_shimmer": 0.06191385453961879,
    "mean_spectral_energy": 1.2123781442642212,
    "intensity_mean": 0.025199808180332184,
    "intensity_min": 6.104128988226876e-05,
    "intensity_max": 0.1624581515789032,
    "intensity_range": 0.1623971164226532,
    "intensity_sd": 0.030742209404706955
}