{
    "total_duration": 58.324,
    "total_words": 79,
    "unique_words_count": 58,
    "average_chunk_length_in_words": 3.590909090909091,
    "articulation_rate": 2.6732539252842455,
    "mean_deviation_of_chunks_in_words": 2.024793388429752,
    "duration_of_silences_per_word": 0.3630759493670887,
    "mean_of_silence_duration": 1.365857142857143,
    "mean_duration_of_long_pauses": 1.6926250000000005,
    "frequency_of_longer_pauses_divided_by_number_of_words": 0.20253164556962025,
    "types_divided_by_uttsegdur": 0.9944448254577876,
    "mean_length_of_filled_pauses": 0,
    "frequency_of_filled_pauses": 0.0,
    "asr_score": 0.7412151898734177,
    "f1_mean": 488.95500240904005,
    "f2_mean": 1641.8452326503239,
    "f3_mean": 2750.36036507978,
    "f4_mean": 3839.17234537829,
    "f1_median": 455.62271962166517,
    "f2_median": 1703.3846389686105,
    "f3_median": 2877.1371887590294,
    "f4_median": 3934.5577238111196,
    "duration": 66.4,
    "meanF0": 162.94313320889518,
    "stdevF0": 56.57492789954698,
    "hnr": 14.164104627144518,
    "local_jitter": 0.022443480819771666,
    "local_absolute_jitter": 0.00013806607032734446,
    "rap_jitter": 0.01052097290667831,
    "ppq5_jitter": 0.010420293042664648,
    "ddp_jitter": 0.03156291872003493,
    "local_shimmer": 0.07744074586867764,
    "localdb_shimmer": 0.7809822242735365,
    "apq3_shimmer": 0.029849317005836467,
    "apq5_shimmer": 0.03482576102356785,
    "apq11_shimmer": 0.06200819909338255,
    "dda_shimmer": 0.0895479510175094,
    "mean_spectral_energy": 0.01573348604142666,
    "intensity_mean": 0.002983414102345705,
    "intensity_min": 5.901919575990178e-05,
    "intensity_max": 0.017888013273477554,
    "intensity_range": 0.017828993499279022,
    "intensity_sd": 0.0034065344370901585
}