{
    "total_duration": 60.301,
    "total_words": 78,
    "unique_words_count": 56,
    "average_chunk_length_in_words": 2.4375,
    "articulation_rate": 2.3963133640553003,
    "mean_deviation_of_chunks_in_words": 1.37890625,
    "duration_of_silences_per_word": 0.3536153846153848,
    "mean_of_silence_duration": 0.8897419354838714,
    "mean_duration_of_long_pauses": 1.3985882352941175,
    "frequency_of_longer_pauses_divided_by_number_of_words": 0.21794871794871795,
    "types_divided_by_uttsegdur": 0.9286744830102319,
    "mean_length_of_filled_pauses": 0.81,
    "frequency_of_filled_pauses": 0.215585147841661,
    "asr_score": 0.726333333333333,
    "f1_mean": 380.0390783955747,
    "f2_mean": 1504.596858459472,
    "f3_mean": 2490.4642484362967,
    "f4_mean": 3649.209558770418,
    "f1_median": 346.53085804653574,
    "f2_median": 1551.2850530644787,
    "f3_median": 2521.019988250408,
    "f4_median": 3737.0243359492315,
    "duration": 68.64,
    "meanF0": 151.71922842570524,
    "stdevF0": 18.110101266795873,
    "hnr": 19.407445416394335,
    "local_jitter": 0.01708083975959566,
    "local_absolute_jitter": 0.00011274467328159995,
    "rap_jitter": 0.006493144628472254,
    "ppq5_jitter": 0.007593369111055529,
    "ddp_jitter": 0.01947943388541676,
    "local_shimmer": 0.06603941024328258,
    "localdb_shimmer": 0.7441371226842691,
    "apq3_shimmer": 0.018328673965982985,
    "apq5_shimmer": 0.028254687677069366,
    "apq11_shimmer": 0.06057859245722943,
    "dda_shimmer": 0.054986021897948954,
    "mean_spectral_energy": 2.3365018367767334,
    "intensity_mean": 0.03809132054448128,
    "intensity_min": 5.7840163208311424e-05,
    "intensity_max": 0.23172955214977264,
    "intensity_range": 0.23167170584201813,
    "intensity_sd": 0.03992871940135956
}