{
    "total_duration": 55.964,
    "total_words": 84,
    "unique_words_count": 54,
    "average_chunk_length_in_words": 2.8,
    "articulation_rate": 2.6957637997432604,
    "mean_deviation_of_chunks_in_words": 1.506666666666667,
    "duration_of_silences_per_word": 0.2942261904761904,
    "mean_of_silence_duration": 0.8522413793103447,
    "mean_duration_of_long_pauses": 1.6059166666666673,
    "frequency_of_longer_pauses_divided_by_number_of_words": 0.14285714285714285,
    "types_divided_by_uttsegdur": 0.964906011007076,
    "mean_length_of_filled_pauses": 0.662307692307692,
    "frequency_of_filled_pauses": 0.23229218783503683,
    "asr_score": 0.7280952380952381,
    "f1_mean": 400.91857437078306,
    "f2_mean": 1551.242398637551,
    "f3_mean": 2504.683332470729,
    "f4_mean": 3634.308899609959,
    "f1_median": 365.59052691649447,
    "f2_median": 1565.951569960218,
    "f3_median": 2540.2067294963244,
    "f4_median": 3704.2731246775256,
    "duration": 60.0,
    "meanF0": 167.71593442914107,
    "stdevF0": 20.086408633591176,
    "hnr": 19.580052785126956,
    "local_jitter": 0.015576547454883382,
    "local_absolute_jitter": 9.31746970005254e-05,
    "rap_jitter": 0.005492561579177922,
    "ppq5_jitter": 0.0067389100762560595,
    "ddp_jitter": 0.016477684737533766,
    "local_shimmer": 0.06287077492634716,
    "localdb_shimmer": 0.6708569689981725,
    "apq3_shimmer": 0.017578812848245688,
    "apq5_shimmer": 0.02674085329631355,
    "apq11_shimmer": 0.054238789719861284,
    "dda_shimmer": 0.052736438544737065,
    "mean_spectral_energy": 4.78524112701416,
    "intensity_mean": 0.05969516560435295,
    "intensity_min": 7.36893416615203e-05,
    "intensity_max": 0.21323968470096588,
    "intensity_range": 0.2131659984588623,
    "intensity_sd": 0.051703810691833496
}