{
    "total_duration": 30.131,
    "total_words": 46,
    "unique_words_count": 34,
    "average_chunk_length_in_words": 2.0,
    "articulation_rate": 2.5735705494013654,
    "mean_deviation_of_chunks_in_words": 0.9565217391304348,
    "duration_of_silences_per_word": 0.26626086956521744,
    "mean_of_silence_duration": 0.5567272727272727,
    "mean_duration_of_long_pauses": 0.8886,
    "frequency_of_longer_pauses_divided_by_number_of_words": 0.21739130434782608,
    "types_divided_by_uttsegdur": 1.128405960638545,
    "mean_length_of_filled_pauses": 0.30599999999999916,
    "frequency_of_filled_pauses": 0.16594205303508014,
    "asr_score": 0.7056304347826086,
    "f1_mean": 399.10386291649013,
    "f2_mean": 1460.0723278118694,
    "f3_mean": 2473.4649755174096,
    "f4_mean": 3611.203859536267,
    "f1_median": 349.96438778345316,
    "f2_median": 1449.2409339563633,
    "f3_median": 2472.025698257564,
    "f4_median": 3660.4282773484574,
    "duration": 31.6070625,
    "meanF0": 166.45936236525628,
    "stdevF0": 17.071672191845487,
    "hnr": 21.092651338405823,
    "local_jitter": 0.013228668908264168,
    "local_absolute_jitter": 7.961609554818304e-05,
    "rap_jitter": 0.004538229778305301,
    "ppq5_jitter": 0.005799755143534012,
    "ddp_jitter": 0.013614689334915903,
    "local_shimmer": 0.053503663206982965,
    "localdb_shimmer": 0.6047764788161148,
    "apq3_shimmer": 0.014358541935640375,
    "apq5_shimmer": 0.023159042132789336,
    "apq11_shimmer": 0.050996862232145425,
    "dda_shimmer": 0.043075625806921126,
    "mean_spectral_energy": 5.43944787979126,
    "intensity_mean": 0.06310498714447021,
    "intensity_min": 7.061334326863289e-05,
    "intensity_max": 0.2250317484140396,
    "intensity_range": 0.22496113181114197,
    "intensity_sd": 0.05573404207825661
}