{
    "total_duration": 51.434,
    "total_words": 99,
    "unique_words_count": 60,
    "average_chunk_length_in_words": 3.09375,
    "articulation_rate": 3.2633417938490954,
    "mean_deviation_of_chunks_in_words": 1.896484375,
    "duration_of_silences_per_word": 0.2113939393939394,
    "mean_of_silence_duration": 0.6750967741935484,
    "mean_duration_of_long_pauses": 1.1431999999999998,
    "frequency_of_longer_pauses_divided_by_number_of_words": 0.15151515151515152,
    "types_divided_by_uttsegdur": 1.166543531516118,
    "mean_length_of_filled_pauses": 0.6500000000000008,
    "frequency_of_filled_pauses": 0.17498152972741768,
    "asr_score": 0.7510303030303032,
    "f1_mean": 389.12369743509754,
    "f2_mean": 1528.1063678594614,
    "f3_mean": 2512.9806846302768,
    "f4_mean": 3676.747524103548,
    "f1_median": 338.528009035546,
    "f2_median": 1583.463121064488,
    "f3_median": 2539.810063348266,
    "f4_median": 3732.029124463793,
    "duration": 68.27,
    "meanF0": 144.23462052949247,
    "stdevF0": 12.656065081893889,
    "hnr": 19.055834848803535,
    "local_jitter": 0.016341699490340374,
    "local_absolute_jitter": 0.00011353997397154014,
    "rap_jitter": 0.0068116183184300065,
    "ppq5_jitter": 0.007734494600099573,
    "ddp_jitter": 0.02043485495529002,
    "local_shimmer": 0.06959991128226231,
    "localdb_shimmer": 0.7727856147315015,
    "apq3_shimmer": 0.0215583769062569,
    "apq5_shimmer": 0.03225665566280432,
    "apq11_shimmer": 0.06483403573792501,
    "dda_shimmer": 0.06467513071877071,
    "mean_spectral_energy": 2.395035743713379,
    "intensity_mean": 0.039777204394340515,
    "intensity_min": 6.238777859834954e-05,
    "intensity_max": 0.1782960742712021,
    "intensity_range": 0.17823368310928345,
    "intensity_sd": 0.03923408314585686
}