{
    "total_duration": 43.855,
    "total_words": 56,
    "unique_words_count": 37,
    "average_chunk_length_in_words": 1.75,
    "articulation_rate": 3.335318642048842,
    "mean_deviation_of_chunks_in_words": 0.75,
    "duration_of_silences_per_word": 0.34773214285714316,
    "mean_of_silence_duration": 0.6281612903225812,
    "mean_duration_of_long_pauses": 0.8747058823529417,
    "frequency_of_longer_pauses_divided_by_number_of_words": 0.30357142857142855,
    "types_divided_by_uttsegdur": 0.8436894310796945,
    "mean_length_of_filled_pauses": 0.3000000000000007,
    "frequency_of_filled_pauses": 0.02280241705620796,
    "asr_score": 0.8360892857142858,
    "f1_mean": 436.62194456895617,
    "f2_mean": 1489.9016693002993,
    "f3_mean": 2582.6479181762325,
    "f4_mean": 3486.670151824549,
    "f1_median": 371.24438479471735,
    "f2_median": 1465.3559984843382,
    "f3_median": 2589.5088819723796,
    "f4_median": 3496.770448004323,
    "duration": 53.03,
    "meanF0": 93.48174147164167,
    "stdevF0": 16.82798474636657,
    "hnr": 13.63302088518884,
    "local_jitter": 0.03166149882320359,
    "local_absolute_jitter": 0.0003416777426811994,
    "rap_jitter": 0.013168360165959018,
    "ppq5_jitter": 0.013862371671425372,
    "ddp_jitter": 0.03950508049787706,
    "local_shimmer": 0.08237264997801703,
    "localdb_shimmer": 0.8048897854026629,
    "apq3_shimmer": 0.02944094544566449,
    "apq5_shimmer": 0.038779586450334844,
    "apq11_shimmer": 0.06648788734746497,
    "dda_shimmer": 0.08832283633699348,
    "mean_spectral_energy": 0.011973593384027481,
    "intensity_mean": 0.0022846010979264975,
    "intensity_min": 5.985295865684748e-05,
    "intensity_max": 0.02164757438004017,
    "intensity_range": 0.02158772200345993,
    "intensity_sd": 0.0032225800678133965
}