{
    "total_duration": 29.192,
    "total_words": 46,
    "unique_words_count": 34,
    "average_chunk_length_in_words": 2.3,
    "articulation_rate": 3.6189127527338534,
    "mean_deviation_of_chunks_in_words": 0.9199999999999999,
    "duration_of_silences_per_word": 0.34023913043478266,
    "mean_of_silence_duration": 0.8237368421052633,
    "mean_duration_of_long_pauses": 0.9907857142857145,
    "frequency_of_longer_pauses_divided_by_number_of_words": 0.30434782608695654,
    "types_divided_by_uttsegdur": 1.1647026582625377,
    "mean_length_of_filled_pauses": 0,
    "frequency_of_filled_pauses": 0.0,
    "asr_score": 0.8021521739130435,
    "f1_mean": 441.41176932759373,
    "f2_mean": 1341.934718074187,
    "f3_mean": 2567.004282330413,
    "f4_mean": 3442.1841593385316,
    "f1_median": 394.8069754950718,
    "f2_median": 1211.196941978905,
    "f3_median": 2544.636894927101,
    "f4_median": 3431.807329110158,
    "duration": 33.2455625,
    "meanF0": 92.15055978839848,
    "stdevF0": 10.317263086223578,
    "hnr": 14.139473576031566,
    "local_jitter": 0.023330778356108715,
    "local_absolute_jitter": 0.0002539837847544645,
    "rap_jitter": 0.010297364405488722,
    "ppq5_jitter": 0.010624358330762475,
    "ddp_jitter": 0.030892093216466167,
    "local_shimmer": 0.06308586480770757,
    "localdb_shimmer": 0.6460574210668717,
    "apq3_shimmer": 0.021902512317057247,
    "apq5_shimmer": 0.03115354585484659,
    "apq11_shimmer": 0.056432389486388033,
    "dda_shimmer": 0.06570753695117174,
    "mean_spectral_energy": 0.011761536821722984,
    "intensity_mean": 0.0025346605107188225,
    "intensity_min": 5.56214690732304e-05,
    "intensity_max": 0.01225432101637125,
    "intensity_range": 0.01219869963824749,
    "intensity_sd": 0.0029840022325515747
}