{
    "total_duration": 29.901,
    "total_words": 32,
    "unique_words_count": 22,
    "average_chunk_length_in_words": 1.8823529411764706,
    "articulation_rate": 2.5754527162977863,
    "mean_deviation_of_chunks_in_words": 0.726643598615917,
    "duration_of_silences_per_word": 0.4958749999999999,
    "mean_of_silence_duration": 0.9917499999999998,
    "mean_duration_of_long_pauses": 1.2822727272727272,
    "frequency_of_longer_pauses_divided_by_number_of_words": 0.34375,
    "types_divided_by_uttsegdur": 0.7357613457743888,
    "mean_length_of_filled_pauses": 0,
    "frequency_of_filled_pauses": 0.0,
    "asr_score": 0.79671875,
    "f1_mean": 427.8154950313779,
    "f2_mean": 1471.2806672917827,
    "f3_mean": 2583.353724767982,
    "f4_mean": 3482.101563641545,
    "f1_median": 343.44861536977,
    "f2_median": 1442.4545240179966,
    "f3_median": 2561.0595039490663,
    "f4_median": 3467.5108354810345,
    "duration": 37.62,
    "meanF0": 94.31507507012829,
    "stdevF0": 10.479070674198772,
    "hnr": 12.890195488028784,
    "local_jitter": 0.02585509191494548,
    "local_absolute_jitter": 0.00027497773170265434,
    "rap_jitter": 0.011360279784797707,
    "ppq5_jitter": 0.011455780304269744,
    "ddp_jitter": 0.03408083935439312,
    "local_shimmer": 0.07300898734537957,
    "localdb_shimmer": 0.7393999065347685,
    "apq3_shimmer": 0.02636912535122101,
    "apq5_shimmer": 0.03592659154412472,
    "apq11_shimmer": 0.05247840611822603,
    "dda_shimmer": 0.07910737605366303,
    "mean_spectral_energy": 0.009702371433377266,
    "intensity_mean": 0.0021347494330257177,
    "intensity_min": 5.191952004679479e-05,
    "intensity_max": 0.012502121739089489,
    "intensity_range": 0.012450202368199825,
    "intensity_sd": 0.0028437573928385973
}