{
    "total_duration": 39.875,
    "total_words": 57,
    "unique_words_count": 38,
    "average_chunk_length_in_words": 2.0357142857142856,
    "articulation_rate": 3.243981560525864,
    "mean_deviation_of_chunks_in_words": 0.9132653061224484,
    "duration_of_silences_per_word": 0.389736842105263,
    "mean_of_silence_duration": 0.8227777777777774,
    "mean_duration_of_long_pauses": 1.0573333333333328,
    "frequency_of_longer_pauses_divided_by_number_of_words": 0.3157894736842105,
    "types_divided_by_uttsegdur": 0.9529780564263323,
    "mean_length_of_filled_pauses": 0,
    "frequency_of_filled_pauses": 0.0,
    "asr_score": 0.7528771929824564,
    "f1_mean": 430.0968633661713,
    "f2_mean": 1414.2223959407845,
    "f3_mean": 2591.4569207567833,
    "f4_mean": 3441.3657443675756,
    "f1_median": 378.83900753252794,
    "f2_median": 1346.5610560532316,
    "f3_median": 2600.279573044437,
    "f4_median": 3429.4772212722332,
    "duration": 40.31,
    "meanF0": 93.855518518708,
    "stdevF0": 13.19179583050275,
    "hnr": 12.381020125287167,
    "local_jitter": 0.02791175321619398,
    "local_absolute_jitter": 0.00029856079088975035,
    "rap_jitter": 0.01056097248386293,
    "ppq5_jitter": 0.012537944772173031,
    "ddp_jitter": 0.03168291745158879,
    "local_shimmer": 0.07358346884404235,
    "localdb_shimmer": 0.7176385233189398,
    "apq3_shimmer": 0.025446791331170875,
    "apq5_shimmer": 0.03839774608374223,
    "apq11_shimmer": 0.06867859780442592,
    "dda_shimmer": 0.07634037399351262,
    "mean_spectral_energy": 0.016286760568618774,
    "intensity_mean": 0.003015227848663926,
    "intensity_min": 5.563063677982427e-05,
    "intensity_max": 0.01625746302306652,
    "intensity_range": 0.01620183326303959,
    "intensity_sd": 0.0034834854304790497
}