{
    "total_duration": 50.468,
    "total_words": 67,
    "unique_words_count": 45,
    "average_chunk_length_in_words": 1.9705882352941178,
    "articulation_rate": 3.367849602895343,
    "mean_deviation_of_chunks_in_words": 0.9705882352941176,
    "duration_of_silences_per_word": 0.4394626865671641,
    "mean_of_silence_duration": 0.892242424242424,
    "mean_duration_of_long_pauses": 1.2009999999999996,
    "frequency_of_longer_pauses_divided_by_number_of_words": 0.3283582089552239,
    "types_divided_by_uttsegdur": 0.891654117460569,
    "mean_length_of_filled_pauses": 0,
    "frequency_of_filled_pauses": 0.0,
    "asr_score": 0.7984029850746265,
    "f1_mean": 417.5779703979064,
    "f2_mean": 1397.254014402434,
    "f3_mean": 2594.899241229032,
    "f4_mean": 3463.1370329340753,
    "f1_median": 362.2719137370304,
    "f2_median": 1308.7798606984713,
    "f3_median": 2587.123868689188,
    "f4_median": 3440.9729930721933,
    "duration": 64.37,
    "meanF0": 93.93817881675113,
    "stdevF0": 12.937943075897536,
    "hnr": 13.769810643243387,
    "local_jitter": 0.024989793237238028,
    "local_absolute_jitter": 0.0002663524146156993,
    "rap_jitter": 0.010538908475089497,
    "ppq5_jitter": 0.01178366035385096,
    "ddp_jitter": 0.03161672542526849,
    "local_shimmer": 0.07320209247112934,
    "localdb_shimmer": 0.7198952470051476,
    "apq3_shimmer": 0.025581684851821603,
    "apq5_shimmer": 0.03815916869048359,
    "apq11_shimmer": 0.07628962359848586,
    "dda_shimmer": 0.0767450545554648,
    "mean_spectral_energy": 0.011417013593018055,
    "intensity_mean": 0.002222686307504773,
    "intensity_min": 5.088981197332032e-05,
    "intensity_max": 0.014481252059340477,
    "intensity_range": 0.014430361799895763,
    "intensity_sd": 0.003152647288516164
}