{
    "total_duration": 29.843,
    "total_words": 63,
    "unique_words_count": 37,
    "average_chunk_length_in_words": 2.8636363636363638,
    "articulation_rate": 3.8211924546612495,
    "mean_deviation_of_chunks_in_words": 1.3181818181818181,
    "duration_of_silences_per_word": 0.19788888888888898,
    "mean_of_silence_duration": 0.5936666666666669,
    "mean_duration_of_long_pauses": 0.9565000000000003,
    "frequency_of_longer_pauses_divided_by_number_of_words": 0.15873015873015872,
    "types_divided_by_uttsegdur": 1.2398217337399056,
    "mean_length_of_filled_pauses": 0.3000000000000007,
    "frequency_of_filled_pauses": 0.03350869550648393,
    "asr_score": 0.8041111111111111,
    "f1_mean": 422.38742209269907,
    "f2_mean": 1487.180399239509,
    "f3_mean": 2467.357496399061,
    "f4_mean": 3464.2373172638745,
    "f1_median": 401.80741015847184,
    "f2_median": 1435.9106282012717,
    "f3_median": 2488.140513920721,
    "f4_median": 3527.5362706408678,
    "duration": 38.44,
    "meanF0": 113.8107315896692,
    "stdevF0": 13.65023386245805,
    "hnr": 17.243064081384635,
    "local_jitter": 0.0206824039793872,
    "local_absolute_jitter": 0.00018130965993979272,
    "rap_jitter": 0.008358421065136188,
    "ppq5_jitter": 0.008562349226119521,
    "ddp_jitter": 0.025075263195408565,
    "local_shimmer": 0.07301596617030238,
    "localdb_shimmer": 0.7708798545808222,
    "apq3_shimmer": 0.015547338024767685,
    "apq5_shimmer": 0.025766384317385985,
    "apq11_shimmer": 0.06509194543140978,
    "dda_shimmer": 0.04664201407430306,
    "mean_spectral_energy": 0.09571102261543274,
    "intensity_mean": 0.007062296383082867,
    "intensity_min": 4.722191079054028e-05,
    "intensity_max": 0.03476161137223244,
    "intensity_range": 0.034714389592409134,
    "intensity_sd": 0.008651942946016788
}