{
    "total_duration": 35.855,
    "total_words": 50,
    "unique_words_count": 36,
    "average_chunk_length_in_words": 2.380952380952381,
    "articulation_rate": 3.4984606773019884,
    "mean_deviation_of_chunks_in_words": 0.947845804988662,
    "duration_of_silences_per_word": 0.4046200000000001,
    "mean_of_silence_duration": 1.0115500000000002,
    "mean_duration_of_long_pauses": 1.4841666666666675,
    "frequency_of_longer_pauses_divided_by_number_of_words": 0.24,
    "types_divided_by_uttsegdur": 1.0040440663784689,
    "mean_length_of_filled_pauses": 0,
    "frequency_of_filled_pauses": 0.0,
    "asr_score": 0.7210199999999999,
    "f1_mean": 353.4279977052537,
    "f2_mean": 1564.5383913736257,
    "f3_mean": 2562.6042659987065,
    "f4_mean": 3706.050827107601,
    "f1_median": 295.87540630063114,
    "f2_median": 1529.2460281179963,
    "f3_median": 2536.9401679880993,
    "f4_median": 3719.6007509340584,
    "duration": 38.67375,
    "meanF0": 133.66741097032002,
    "stdevF0": 20.20112385379096,
    "hnr": 12.051758552901031,
    "local_jitter": 0.02400878541713624,
    "local_absolute_jitter": 0.00018021049599876442,
    "rap_jitter": 0.012463508106994326,
    "ppq5_jitter": 0.0084260241944924,
    "ddp_jitter": 0.03739052432098298,
    "local_shimmer": 0.06957209761270904,
    "localdb_shimmer": 0.6146860872416222,
    "apq3_shimmer": 0.027363895935264004,
    "apq5_shimmer": 0.03241610612222808,
    "apq11_shimmer": 0.055532576418374585,
    "dda_shimmer": 0.08209168780579201,
    "mean_spectral_energy": 0.01790779083967209,
    "intensity_mean": 0.0029691902454942465,
    "intensity_min": 0.00010767639469122514,
    "intensity_max": 0.04687018319964409,
    "intensity_range": 0.046762507408857346,
    "intensity_sd": 0.003786163404583931
}