{
    "total_duration": 41.163,
    "total_words": 45,
    "unique_words_count": 32,
    "average_chunk_length_in_words": 3.0,
    "articulation_rate": 2.515231121793079,
    "mean_deviation_of_chunks_in_words": 1.4666666666666666,
    "duration_of_silences_per_word": 0.5009555555555553,
    "mean_of_silence_duration": 1.610214285714285,
    "mean_duration_of_long_pauses": 2.3514444444444433,
    "frequency_of_longer_pauses_divided_by_number_of_words": 0.2,
    "types_divided_by_uttsegdur": 0.7773971770765008,
    "mean_length_of_filled_pauses": 0,
    "frequency_of_filled_pauses": 0.0,
    "asr_score": 0.7600444444444445,
    "f1_mean": 383.4388315125132,
    "f2_mean": 1766.6935225066352,
    "f3_mean": 2669.65658654717,
    "f4_mean": 3791.6998112855817,
    "f1_median": 316.7729016825974,
    "f2_median": 1785.654429062897,
    "f3_median": 2651.116586393705,
    "f4_median": 3850.823160126659,
    "duration": 42.25,
    "meanF0": 136.12181157755361,
    "stdevF0": 17.20615366004546,
    "hnr": 13.942054964256307,
    "local_jitter": 0.031193957053429477,
    "local_absolute_jitter": 0.00022951215970760271,
    "rap_jitter": 0.016286773204748663,
    "ppq5_jitter": 0.013243949303967922,
    "ddp_jitter": 0.04886031961424599,
    "local_shimmer": 0.09026164012083145,
    "localdb_shimmer": 0.8665636587386982,
    "apq3_shimmer": 0.033765348599343714,
    "apq5_shimmer": 0.03976087821767039,
    "apq11_shimmer": 0.07691619221332106,
    "dda_shimmer": 0.10129604579803114,
    "mean_spectral_energy": 0.013600323349237442,
    "intensity_mean": 0.002927983645349741,
    "intensity_min": 0.0001053227242664434,
    "intensity_max": 0.014259777031838894,
    "intensity_range": 0.014154454693198204,
    "intensity_sd": 0.0030247136019170284
}