{
    "total_duration": 53.25,
    "total_words": 54,
    "unique_words_count": 44,
    "average_chunk_length_in_words": 1.8,
    "articulation_rate": 2.6247994944830593,
    "mean_deviation_of_chunks_in_words": 1.0666666666666669,
    "duration_of_silences_per_word": 0.583111111111111,
    "mean_of_silence_duration": 1.0857931034482755,
    "mean_duration_of_long_pauses": 1.43035,
    "frequency_of_longer_pauses_divided_by_number_of_words": 0.37037037037037035,
    "types_divided_by_uttsegdur": 0.8262910798122066,
    "mean_length_of_filled_pauses": 0.2850000000000019,
    "frequency_of_filled_pauses": 0.03755868544600939,
    "asr_score": 0.764537037037037,
    "f1_mean": 345.65002477805945,
    "f2_mean": 1641.143224163034,
    "f3_mean": 2566.914707066642,
    "f4_mean": 3745.268562190593,
    "f1_median": 299.66358274786285,
    "f2_median": 1651.0933189976722,
    "f3_median": 2536.769585832266,
    "f4_median": 3813.764259651496,
    "duration": 62.236125,
    "meanF0": 138.83824934003462,
    "stdevF0": 20.57695176475137,
    "hnr": 17.841401452881534,
    "local_jitter": 0.029505524749287214,
    "local_absolute_jitter": 0.0002124179064827345,
    "rap_jitter": 0.01622183943503696,
    "ppq5_jitter": 0.012429695607288722,
    "ddp_jitter": 0.04866551830511088,
    "local_shimmer": 0.08033000552274998,
    "localdb_shimmer": 0.7922041172545882,
    "apq3_shimmer": 0.031278056722794434,
    "apq5_shimmer": 0.03529960717529996,
    "apq11_shimmer": 0.07234273191289485,
    "dda_shimmer": 0.0938341701683833,
    "mean_spectral_energy": 0.013410151936113834,
    "intensity_mean": 0.002443899866193533,
    "intensity_min": 0.0001059453934431076,
    "intensity_max": 0.025364195927977562,
    "intensity_range": 0.025258250534534454,
    "intensity_sd": 0.0033906667958945036
}