{
    "total_duration": 31.156,
    "total_words": 46,
    "unique_words_count": 32,
    "average_chunk_length_in_words": 2.4210526315789473,
    "articulation_rate": 3.712072304712717,
    "mean_deviation_of_chunks_in_words": 1.2243767313019394,
    "duration_of_silences_per_word": 0.4064130434782608,
    "mean_of_silence_duration": 1.038611111111111,
    "mean_duration_of_long_pauses": 1.2481428571428572,
    "frequency_of_longer_pauses_divided_by_number_of_words": 0.30434782608695654,
    "types_divided_by_uttsegdur": 1.0270894851713956,
    "mean_length_of_filled_pauses": 0.35399999999999976,
    "frequency_of_filled_pauses": 0.16048273205803057,
    "asr_score": 0.808586956521739,
    "f1_mean": 392.4882796759252,
    "f2_mean": 1688.8792300902155,
    "f3_mean": 2577.6856202489153,
    "f4_mean": 3787.8354845671956,
    "f1_median": 313.2524299337904,
    "f2_median": 1693.1007361892844,
    "f3_median": 2554.7694442077213,
    "f4_median": 3835.172235074346,
    "duration": 33.52,
    "meanF0": 130.99194043043633,
    "stdevF0": 19.482443154127775,
    "hnr": 16.763314058218093,
    "local_jitter": 0.022062880422937754,
    "local_absolute_jitter": 0.00016890433413249505,
    "rap_jitter": 0.010839221556804408,
    "ppq5_jitter": 0.010131171744909429,
    "ddp_jitter": 0.03251766467041323,
    "local_shimmer": 0.08176956459090588,
    "localdb_shimmer": 0.7871617355570664,
    "apq3_shimmer": 0.02643289605020619,
    "apq5_shimmer": 0.0379557344384125,
    "apq11_shimmer": 0.08288873406768336,
    "dda_shimmer": 0.07929868815061858,
    "mean_spectral_energy": 0.020208032801747322,
    "intensity_mean": 0.003640463575720787,
    "intensity_min": 0.00011703692871378735,
    "intensity_max": 0.016055941581726074,
    "intensity_range": 0.015938904136419296,
    "intensity_sd": 0.003616807982325554
}