{
    "total_duration": 26.825,
    "total_words": 38,
    "unique_words_count": 30,
    "average_chunk_length_in_words": 2.111111111111111,
    "articulation_rate": 2.7798098024871996,
    "mean_deviation_of_chunks_in_words": 1.0493827160493825,
    "duration_of_silences_per_word": 0.24378947368421064,
    "mean_of_silence_duration": 0.5449411764705885,
    "mean_duration_of_long_pauses": 1.2246000000000006,
    "frequency_of_longer_pauses_divided_by_number_of_words": 0.13157894736842105,
    "types_divided_by_uttsegdur": 1.1183597390493942,
    "mean_length_of_filled_pauses": 0,
    "frequency_of_filled_pauses": 0.0,
    "asr_score": 0.823421052631579,
    "f1_mean": 387.42773287923615,
    "f2_mean": 1599.6109701789826,
    "f3_mean": 2532.3815410621155,
    "f4_mean": 3755.0648432251705,
    "f1_median": 330.4734439511162,
    "f2_median": 1580.7225203640535,
    "f3_median": 2502.934871333431,
    "f4_median": 3807.8872783863612,
    "duration": 29.21,
    "meanF0": 133.5051074371781,
    "stdevF0": 19.86957654976801,
    "hnr": 13.850486066802478,
    "local_jitter": 0.03130402637563302,
    "local_absolute_jitter": 0.0002340913523507783,
    "rap_jitter": 0.017195498045610675,
    "ppq5_jitter": 0.013314606696157666,
    "ddp_jitter": 0.05158649413683203,
    "local_shimmer": 0.0782063597788962,
    "localdb_shimmer": 0.7853377431180473,
    "apq3_shimmer": 0.02957200350074006,
    "apq5_shimmer": 0.035740395151737124,
    "apq11_shimmer": 0.06663804284362529,
    "dda_shimmer": 0.08871601050222018,
    "mean_spectral_energy": 0.010870303027331829,
    "intensity_mean": 0.002730453619733453,
    "intensity_min": 0.00011031866597477347,
    "intensity_max": 0.012520240619778633,
    "intensity_range": 0.012409921735525131,
    "intensity_sd": 0.002590022049844265
}