{
    "total_duration": 22.998,
    "total_words": 28,
    "unique_words_count": 20,
    "average_chunk_length_in_words": 1.8666666666666667,
    "articulation_rate": 2.169869807811531,
    "mean_deviation_of_chunks_in_words": 0.9244444444444444,
    "duration_of_silences_per_word": 0.3558928571428571,
    "mean_of_silence_duration": 0.7117857142857142,
    "mean_duration_of_long_pauses": 1.0864285714285713,
    "frequency_of_longer_pauses_divided_by_number_of_words": 0.25,
    "types_divided_by_uttsegdur": 0.8696408383337682,
    "mean_length_of_filled_pauses": 0,
    "frequency_of_filled_pauses": 0.0,
    "asr_score": 0.8065,
    "f1_mean": 366.2028311145963,
    "f2_mean": 1617.4317158386832,
    "f3_mean": 2618.7337250145924,
    "f4_mean": 3758.806887049839,
    "f1_median": 316.1493268939188,
    "f2_median": 1598.1624965682906,
    "f3_median": 2589.6545816241705,
    "f4_median": 3789.0028576286963,
    "duration": 28.7246875,
    "meanF0": 139.01777299944308,
    "stdevF0": 16.17029121266014,
    "hnr": 15.454899318392473,
    "local_jitter": 0.02755419879266483,
    "local_absolute_jitter": 0.00019857090275914345,
    "rap_jitter": 0.014367539503133415,
    "ppq5_jitter": 0.010833440764456404,
    "ddp_jitter": 0.043102618509400246,
    "local_shimmer": 0.06370087687245156,
    "localdb_shimmer": 0.6533598729314184,
    "apq3_shimmer": 0.02212982110829597,
    "apq5_shimmer": 0.026650242595859484,
    "apq11_shimmer": 0.05393112215889724,
    "dda_shimmer": 0.0663894633248879,
    "mean_spectral_energy": 0.010502857156097889,
    "intensity_mean": 0.0022131020668894053,
    "intensity_min": 0.00011041443940484896,
    "intensity_max": 0.017758851870894432,
    "intensity_range": 0.01764843799173832,
    "intensity_sd": 0.0029645028989762068
}