{
    "total_duration": 61.189,
    "total_words": 103,
    "unique_words_count": 68,
    "average_chunk_length_in_words": 3.433333333333333,
    "articulation_rate": 2.737541528239203,
    "mean_deviation_of_chunks_in_words": 2.6733333333333325,
    "duration_of_silences_per_word": 0.22849514563106793,
    "mean_of_silence_duration": 0.8115517241379309,
    "mean_duration_of_long_pauses": 1.2916,
    "frequency_of_longer_pauses_divided_by_number_of_words": 0.14563106796116504,
    "types_divided_by_uttsegdur": 1.1113108565265,
    "mean_length_of_filled_pauses": 0.4279999999999999,
    "frequency_of_filled_pauses": 0.24514210070437498,
    "asr_score": 0.8395145631067963,
    "f1_mean": 457.3954176586945,
    "f2_mean": 1455.7486696022384,
    "f3_mean": 2723.2625789686404,
    "f4_mean": 3872.604768305405,
    "f1_median": 426.23152693190957,
    "f2_median": 1375.5869281788127,
    "f3_median": 2877.783334261348,
    "f4_median": 3989.703493427109,
    "duration": 68.5820625,
    "meanF0": 200.4576122729274,
    "stdevF0": 41.64240584207673,
    "hnr": 18.7412297423809,
    "local_jitter": 0.01844772322240208,
    "local_absolute_jitter": 9.201060814763576e-05,
    "rap_jitter": 0.008296347050871695,
    "ppq5_jitter": 0.008216168319535143,
    "ddp_jitter": 0.024889041152615084,
    "local_shimmer": 0.05417320942464828,
    "localdb_shimmer": 0.5945734474196405,
    "apq3_shimmer": 0.017147429732095567,
    "apq5_shimmer": 0.022672696725676234,
    "apq11_shimmer": 0.04461878430134024,
    "dda_shimmer": 0.0514422891962867,
    "mean_spectral_energy": 0.5440284013748169,
    "intensity_mean": 0.01946341060101986,
    "intensity_min": 6.385293818311766e-05,
    "intensity_max": 0.09213235974311829,
    "intensity_range": 0.09206850826740265,
    "intensity_sd": 0.01817212626338005
}