{
    "total_duration": 43.471,
    "total_words": 83,
    "unique_words_count": 48,
    "average_chunk_length_in_words": 2.7666666666666666,
    "articulation_rate": 3.348529471093721,
    "mean_deviation_of_chunks_in_words": 1.9044444444444444,
    "duration_of_silences_per_word": 0.22451807228915682,
    "mean_of_silence_duration": 0.6425862068965522,
    "mean_duration_of_long_pauses": 1.1459166666666667,
    "frequency_of_longer_pauses_divided_by_number_of_words": 0.14457831325301204,
    "types_divided_by_uttsegdur": 1.1041843987945987,
    "mean_length_of_filled_pauses": 0.43875000000000025,
    "frequency_of_filled_pauses": 0.18403073313243312,
    "asr_score": 0.8266265060240966,
    "f1_mean": 444.18624307083945,
    "f2_mean": 1515.9608331827928,
    "f3_mean": 2715.397986484437,
    "f4_mean": 3860.7253977518144,
    "f1_median": 413.6663096570442,
    "f2_median": 1522.1969691675804,
    "f3_median": 2862.957258944889,
    "f4_median": 3948.360491645757,
    "duration": 48.29,
    "meanF0": 204.79997210518093,
    "stdevF0": 40.11082332476801,
    "hnr": 19.525028021272348,
    "local_jitter": 0.018965164091879365,
    "local_absolute_jitter": 9.248823437332455e-05,
    "rap_jitter": 0.008443843015212697,
    "ppq5_jitter": 0.0076401957028597,
    "ddp_jitter": 0.02533152904563809,
    "local_shimmer": 0.05323216358552494,
    "localdb_shimmer": 0.5584483854459297,
    "apq3_shimmer": 0.01772917122933686,
    "apq5_shimmer": 0.020488807866358063,
    "apq11_shimmer": 0.035486868816791646,
    "dda_shimmer": 0.053187513688010585,
    "mean_spectral_energy": 0.4332571029663086,
    "intensity_mean": 0.017272068187594414,
    "intensity_min": 8.999706915346906e-05,
    "intensity_max": 0.0894133672118187,
    "intensity_range": 0.08932337164878845,
    "intensity_sd": 0.016319507732987404
}