{
    "total_duration": 30.092,
    "total_words": 69,
    "unique_words_count": 46,
    "average_chunk_length_in_words": 3.45,
    "articulation_rate": 3.687473279179137,
    "mean_deviation_of_chunks_in_words": 1.7500000000000004,
    "duration_of_silences_per_word": 0.16421739130434787,
    "mean_of_silence_duration": 0.5963684210526318,
    "mean_duration_of_long_pauses": 0.986,
    "frequency_of_longer_pauses_divided_by_number_of_words": 0.11594202898550725,
    "types_divided_by_uttsegdur": 1.5286454871726705,
    "mean_length_of_filled_pauses": 0.42000000000000004,
    "frequency_of_filled_pauses": 0.13292569453675396,
    "asr_score": 0.8068115942028984,
    "f1_mean": 476.652313303141,
    "f2_mean": 1466.0483324548197,
    "f3_mean": 2685.893346769834,
    "f4_mean": 3829.3192417903697,
    "f1_median": 452.24662421793016,
    "f2_median": 1467.7326059140291,
    "f3_median": 2824.518614391025,
    "f4_median": 3876.038714327829,
    "duration": 31.18,
    "meanF0": 206.57183940315664,
    "stdevF0": 41.83091080715684,
    "hnr": 19.09905722522227,
    "local_jitter": 0.019413713506171403,
    "local_absolute_jitter": 9.36237512708167e-05,
    "rap_jitter": 0.009226310437616058,
    "ppq5_jitter": 0.00824647572422955,
    "ddp_jitter": 0.027678931312848175,
    "local_shimmer": 0.0545226194975377,
    "localdb_shimmer": 0.5951479430512338,
    "apq3_shimmer": 0.019059763602470272,
    "apq5_shimmer": 0.02259731564241868,
    "apq11_shimmer": 0.04301838053868197,
    "dda_shimmer": 0.05717929080741081,
    "mean_spectral_energy": 0.49967268109321594,
    "intensity_mean": 0.019249146804213524,
    "intensity_min": 9.271184535464272e-05,
    "intensity_max": 0.06895973533391953,
    "intensity_range": 0.0688670203089714,
    "intensity_sd": 0.016754427924752235
}