{
    "total_duration": 29.444,
    "total_words": 80,
    "unique_words_count": 47,
    "average_chunk_length_in_words": 4.444444444444445,
    "articulation_rate": 3.7537537537537555,
    "mean_deviation_of_chunks_in_words": 3.308641975308641,
    "duration_of_silences_per_word": 0.10128750000000011,
    "mean_of_silence_duration": 0.4766470588235299,
    "mean_duration_of_long_pauses": 0.6512222222222228,
    "frequency_of_longer_pauses_divided_by_number_of_words": 0.1125,
    "types_divided_by_uttsegdur": 1.596250509441652,
    "mean_length_of_filled_pauses": 0.3800000000000005,
    "frequency_of_filled_pauses": 0.10188833038989269,
    "asr_score": 0.8217625,
    "f1_mean": 415.8888582469884,
    "f2_mean": 1287.0759473418557,
    "f3_mean": 2556.5736793868864,
    "f4_mean": 3654.4780968725054,
    "f1_median": 396.4559329782372,
    "f2_median": 1190.646494378448,
    "f3_median": 2675.70007316193,
    "f4_median": 3485.496302548305,
    "duration": 36.007375,
    "meanF0": 211.49770323335852,
    "stdevF0": 39.2953570626825,
    "hnr": 19.895614422776813,
    "local_jitter": 0.01762834034048205,
    "local_absolute_jitter": 8.337457838824838e-05,
    "rap_jitter": 0.007808126599657315,
    "ppq5_jitter": 0.00794776239602341,
    "ddp_jitter": 0.023424379798971946,
    "local_shimmer": 0.057126762558943917,
    "localdb_shimmer": 0.5921949359367145,
    "apq3_shimmer": 0.020077059407431836,
    "apq5_shimmer": 0.024185580516416953,
    "apq11_shimmer": 0.04253094842957582,
    "dda_shimmer": 0.06023117822229551,
    "mean_spectral_energy": 0.552865207195282,
    "intensity_mean": 0.01978329010307789,
    "intensity_min": 7.332869427045807e-05,
    "intensity_max": 0.07568827271461487,
    "intensity_range": 0.07561494410037994,
    "intensity_sd": 0.018143335357308388
}