{
    "total_duration": 52.505,
    "total_words": 106,
    "unique_words_count": 57,
    "average_chunk_length_in_words": 3.4193548387096775,
    "articulation_rate": 3.126382539448459,
    "mean_deviation_of_chunks_in_words": 1.3631633714880331,
    "duration_of_silences_per_word": 0.17463207547169818,
    "mean_of_silence_duration": 0.6170333333333335,
    "mean_duration_of_long_pauses": 1.132333333333334,
    "frequency_of_longer_pauses_divided_by_number_of_words": 0.11320754716981132,
    "types_divided_by_uttsegdur": 1.0856108942005522,
    "mean_length_of_filled_pauses": 0.42461538461538556,
    "frequency_of_filled_pauses": 0.24759546709837157,
    "asr_score": 0.8035754716981129,
    "f1_mean": 456.34027961644284,
    "f2_mean": 1413.987005757324,
    "f3_mean": 2684.443545848526,
    "f4_mean": 3832.051965470375,
    "f1_median": 438.8806257946416,
    "f2_median": 1372.9830662285965,
    "f3_median": 2841.3471751296133,
    "f4_median": 3924.2161445227775,
    "duration": 58.82,
    "meanF0": 205.70966957258423,
    "stdevF0": 41.827057796408575,
    "hnr": 19.198506491495678,
    "local_jitter": 0.01864313556516742,
    "local_absolute_jitter": 9.039644582567962e-05,
    "rap_jitter": 0.008105196731623233,
    "ppq5_jitter": 0.008034770435209239,
    "ddp_jitter": 0.0243155901948697,
    "local_shimmer": 0.05204933574991925,
    "localdb_shimmer": 0.5819547410838475,
    "apq3_shimmer": 0.01601222923647842,
    "apq5_shimmer": 0.02186811720202296,
    "apq11_shimmer": 0.04296917781821435,
    "dda_shimmer": 0.048036687709435255,
    "mean_spectral_energy": 0.5751311182975769,
    "intensity_mean": 0.020563768222928047,
    "intensity_min": 7.429211837006733e-05,
    "intensity_max": 0.08020646125078201,
    "intensity_range": 0.08013217151165009,
    "intensity_sd": 0.01807534508407116
}