{
    "total_duration": 26.652,
    "total_words": 58,
    "unique_words_count": 40,
    "average_chunk_length_in_words": 3.411764705882353,
    "articulation_rate": 3.7058334930675363,
    "mean_deviation_of_chunks_in_words": 2.41522491349481,
    "duration_of_silences_per_word": 0.16708620689655176,
    "mean_of_silence_duration": 0.6056875000000002,
    "mean_duration_of_long_pauses": 0.9535000000000005,
    "frequency_of_longer_pauses_divided_by_number_of_words": 0.13793103448275862,
    "types_divided_by_uttsegdur": 1.5008254539996997,
    "mean_length_of_filled_pauses": 0.34499999999999975,
    "frequency_of_filled_pauses": 0.07504127269998499,
    "asr_score": 0.8385172413793099,
    "f1_mean": 449.9239528033588,
    "f2_mean": 1648.7173586365184,
    "f3_mean": 2657.0811823092095,
    "f4_mean": 3710.5679557860913,
    "f1_median": 418.3308431918655,
    "f2_median": 1705.9065805008615,
    "f3_median": 2769.512980945535,
    "f4_median": 3829.761700627436,
    "duration": 31.99275,
    "meanF0": 175.33533833487266,
    "stdevF0": 43.049213073382724,
    "hnr": 13.972545791201346,
    "local_jitter": 0.026699759664652663,
    "local_absolute_jitter": 0.00015229733452049718,
    "rap_jitter": 0.010998187635233931,
    "ppq5_jitter": 0.010747164637759057,
    "ddp_jitter": 0.032994562905701796,
    "local_shimmer": 0.06710359130902796,
    "localdb_shimmer": 0.6941121284158405,
    "apq3_shimmer": 0.019633548895196962,
    "apq5_shimmer": 0.02562300397467528,
    "apq11_shimmer": 0.05074083798085597,
    "dda_shimmer": 0.05890064668559089,
    "mean_spectral_energy": 0.1987750083208084,
    "intensity_mean": 0.010825932025909424,
    "intensity_min": 9.024908649735153e-05,
    "intensity_max": 0.07477959245443344,
    "intensity_range": 0.0746893435716629,
    "intensity_sd": 0.011909662745893002
}