{
    "total_duration": 46.294,
    "total_words": 95,
    "unique_words_count": 64,
    "average_chunk_length_in_words": 4.318181818181818,
    "articulation_rate": 3.3173865977581456,
    "mean_deviation_of_chunks_in_words": 3.223140495867769,
    "duration_of_silences_per_word": 0.17017894736842104,
    "mean_of_silence_duration": 0.7698571428571428,
    "mean_duration_of_long_pauses": 1.0204285714285712,
    "frequency_of_longer_pauses_divided_by_number_of_words": 0.14736842105263157,
    "types_divided_by_uttsegdur": 1.382468570441094,
    "mean_length_of_filled_pauses": 0.4049999999999985,
    "frequency_of_filled_pauses": 0.043202142826284186,
    "asr_score": 0.8162736842105263,
    "f1_mean": 493.9140523354599,
    "f2_mean": 1584.686446592019,
    "f3_mean": 2624.079671695318,
    "f4_mean": 3655.1983333389335,
    "f1_median": 461.69309094478655,
    "f2_median": 1586.5922957151206,
    "f3_median": 2681.5150436877593,
    "f4_median": 3698.1200661725243,
    "duration": 53.28,
    "meanF0": 167.2202674596407,
    "stdevF0": 35.09811992953442,
    "hnr": 13.018993391594634,
    "local_jitter": 0.030022066591514726,
    "local_absolute_jitter": 0.00018022813438715166,
    "rap_jitter": 0.012015996523042326,
    "ppq5_jitter": 0.012134005048804002,
    "ddp_jitter": 0.03604798956912698,
    "local_shimmer": 0.06942516644099266,
    "localdb_shimmer": 0.708057141003502,
    "apq3_shimmer": 0.02033715786148053,
    "apq5_shimmer": 0.028317810071015883,
    "apq11_shimmer": 0.05638416117463304,
    "dda_shimmer": 0.06101147358444159,
    "mean_spectral_energy": 0.32097896933555603,
    "intensity_mean": 0.014108769595623016,
    "intensity_min": 7.810802344465628e-05,
    "intensity_max": 0.08811801671981812,
    "intensity_range": 0.08803991228342056,
    "intensity_sd": 0.014806738123297691
}