{
    "total_duration": 59.57,
    "total_words": 116,
    "unique_words_count": 63,
    "average_chunk_length_in_words": 3.3142857142857145,
    "articulation_rate": 3.141503046716317,
    "mean_deviation_of_chunks_in_words": 2.1665306122448977,
    "duration_of_silences_per_word": 0.19358620689655176,
    "mean_of_silence_duration": 0.6604705882352943,
    "mean_duration_of_long_pauses": 1.0701176470588243,
    "frequency_of_longer_pauses_divided_by_number_of_words": 0.14655172413793102,
    "types_divided_by_uttsegdur": 1.0575793184488838,
    "mean_length_of_filled_pauses": 0.43199999999999966,
    "frequency_of_filled_pauses": 0.08393486654356219,
    "asr_score": 0.8432068965517246,
    "f1_mean": 460.2067999944528,
    "f2_mean": 1585.9391265747058,
    "f3_mean": 2593.090456327067,
    "f4_mean": 3575.5821686075337,
    "f1_median": 427.24442403929095,
    "f2_median": 1593.7592541759784,
    "f3_median": 2653.7270028952116,
    "f4_median": 3570.848263551683,
    "duration": 60.67,
    "meanF0": 169.5253540378148,
    "stdevF0": 41.787632556981606,
    "hnr": 13.459372972295148,
    "local_jitter": 0.027232906619794998,
    "local_absolute_jitter": 0.00016073425255230025,
    "rap_jitter": 0.011104173410495145,
    "ppq5_jitter": 0.011831685855639134,
    "ddp_jitter": 0.03331252023148543,
    "local_shimmer": 0.06801732700341198,
    "localdb_shimmer": 0.6917184035197748,
    "apq3_shimmer": 0.020147715743973824,
    "apq5_shimmer": 0.02624068708683207,
    "apq11_shimmer": 0.05272393548678669,
    "dda_shimmer": 0.06044314723192147,
    "mean_spectral_energy": 0.23264460265636444,
    "intensity_mean": 0.012971950694918633,
    "intensity_min": 9.937749564414844e-05,
    "intensity_max": 0.05813675746321678,
    "intensity_range": 0.05803738161921501,
    "intensity_sd": 0.01161434967070818
}