{
    "total_duration": 53.828,
    "total_words": 83,
    "unique_words_count": 58,
    "average_chunk_length_in_words": 2.8620689655172415,
    "articulation_rate": 2.9905599192909116,
    "mean_deviation_of_chunks_in_words": 1.9667063020214024,
    "duration_of_silences_per_word": 0.31355421686746976,
    "mean_of_silence_duration": 0.9294642857142854,
    "mean_duration_of_long_pauses": 1.3249999999999995,
    "frequency_of_longer_pauses_divided_by_number_of_words": 0.20481927710843373,
    "types_divided_by_uttsegdur": 1.0775061306383293,
    "mean_length_of_filled_pauses": 0.46500000000000075,
    "frequency_of_filled_pauses": 0.07431076763022962,
    "asr_score": 0.7981927710843371,
    "f1_mean": 476.0000570765323,
    "f2_mean": 1677.097032744791,
    "f3_mean": 2615.6112456041365,
    "f4_mean": 3605.3239834091287,
    "f1_median": 463.8990946219193,
    "f2_median": 1710.4247401974121,
    "f3_median": 2659.4930682534136,
    "f4_median": 3642.0495476467077,
    "duration": 55.15,
    "meanF0": 181.2131857780298,
    "stdevF0": 37.820324236168815,
    "hnr": 15.783474180435125,
    "local_jitter": 0.024674999892506808,
    "local_absolute_jitter": 0.0001362710217322421,
    "rap_jitter": 0.01105735912516508,
    "ppq5_jitter": 0.011117501541624001,
    "ddp_jitter": 0.03317207737549524,
    "local_shimmer": 0.06157529184043775,
    "localdb_shimmer": 0.6509326218849197,
    "apq3_shimmer": 0.01963838312410376,
    "apq5_shimmer": 0.02503393996337667,
    "apq11_shimmer": 0.043471158035924634,
    "dda_shimmer": 0.05891514937231128,
    "mean_spectral_energy": 0.28696149587631226,
    "intensity_mean": 0.01389370858669281,
    "intensity_min": 9.010692883748561e-05,
    "intensity_max": 0.06621301919221878,
    "intensity_range": 0.06612291187047958,
    "intensity_sd": 0.013450626283884048
}