{
    "total_duration": 37.115,
    "total_words": 64,
    "unique_words_count": 41,
    "average_chunk_length_in_words": 3.5555555555555554,
    "articulation_rate": 3.2288986428535393,
    "mean_deviation_of_chunks_in_words": 2.567901234567902,
    "duration_of_silences_per_word": 0.2688125,
    "mean_of_silence_duration": 1.012,
    "mean_duration_of_long_pauses": 1.1859285714285714,
    "frequency_of_longer_pauses_divided_by_number_of_words": 0.21875,
    "types_divided_by_uttsegdur": 1.1046746598410346,
    "mean_length_of_filled_pauses": 0.47999999999999954,
    "frequency_of_filled_pauses": 0.053886568772733394,
    "asr_score": 0.791015625,
    "f1_mean": 492.8115510977941,
    "f2_mean": 1566.717700679808,
    "f3_mean": 2669.626350812828,
    "f4_mean": 3737.3153393323755,
    "f1_median": 487.6071555628788,
    "f2_median": 1594.3490491302591,
    "f3_median": 2724.321639296838,
    "f4_median": 3817.23372474662,
    "duration": 41.289875,
    "meanF0": 160.88554350812265,
    "stdevF0": 26.014869863004545,
    "hnr": 15.95291669658642,
    "local_jitter": 0.021325653009877127,
    "local_absolute_jitter": 0.0001325593362273359,
    "rap_jitter": 0.010405753703483367,
    "ppq5_jitter": 0.010246286559416482,
    "ddp_jitter": 0.031217261110450104,
    "local_shimmer": 0.07964423330611067,
    "localdb_shimmer": 0.7948483485455959,
    "apq3_shimmer": 0.03470876935915606,
    "apq5_shimmer": 0.038595905440204616,
    "apq11_shimmer": 0.060752962045686205,
    "dda_shimmer": 0.10412630807746817,
    "mean_spectral_energy": 0.05360244959592819,
    "intensity_mean": 0.00571274571120739,
    "intensity_min": 5.1649665692821145e-05,
    "intensity_max": 0.02818203903734684,
    "intensity_range": 0.028130389750003815,
    "intensity_sd": 0.0061012208461761475
}