{
    "total_duration": 45.142,
    "total_words": 58,
    "unique_words_count": 40,
    "average_chunk_length_in_words": 1.8709677419354838,
    "articulation_rate": 2.474825055470217,
    "mean_deviation_of_chunks_in_words": 0.9552549427679501,
    "duration_of_silences_per_word": 0.36960344827586217,
    "mean_of_silence_duration": 0.7145666666666668,
    "mean_duration_of_long_pauses": 0.9919444444444446,
    "frequency_of_longer_pauses_divided_by_number_of_words": 0.3103448275862069,
    "types_divided_by_uttsegdur": 0.8860927739134287,
    "mean_length_of_filled_pauses": 0.34500000000000064,
    "frequency_of_filled_pauses": 0.04430463869567143,
    "asr_score": 0.8225862068965519,
    "f1_mean": 492.95186779518986,
    "f2_mean": 1534.454913438056,
    "f3_mean": 2655.743265850237,
    "f4_mean": 3693.855340216934,
    "f1_median": 482.9674407009435,
    "f2_median": 1469.821633646369,
    "f3_median": 2731.469317091581,
    "f4_median": 3788.4114631440534,
    "duration": 51.49,
    "meanF0": 160.89343074522753,
    "stdevF0": 34.08494778574693,
    "hnr": 15.059396357874391,
    "local_jitter": 0.0245820432466101,
    "local_absolute_jitter": 0.0001532040017298093,
    "rap_jitter": 0.01215697866919901,
    "ppq5_jitter": 0.012339148200847316,
    "ddp_jitter": 0.03647093600759703,
    "local_shimmer": 0.09128554761222797,
    "localdb_shimmer": 0.8536705601926622,
    "apq3_shimmer": 0.03855020438220981,
    "apq5_shimmer": 0.04460322881863881,
    "apq11_shimmer": 0.06947359940048296,
    "dda_shimmer": 0.11565061314662943,
    "mean_spectral_energy": 0.07007286697626114,
    "intensity_mean": 0.006493555381894112,
    "intensity_min": 6.61063750158064e-05,
    "intensity_max": 0.03489955887198448,
    "intensity_range": 0.034833453595638275,
    "intensity_sd": 0.007010269444435835
}