{
    "total_duration": 29.473,
    "total_words": 45,
    "unique_words_count": 30,
    "average_chunk_length_in_words": 1.9565217391304348,
    "articulation_rate": 2.8107432854465957,
    "mean_deviation_of_chunks_in_words": 0.9149338374291116,
    "duration_of_silences_per_word": 0.29719999999999996,
    "mean_of_silence_duration": 0.6079090909090908,
    "mean_duration_of_long_pauses": 0.9309000000000001,
    "frequency_of_longer_pauses_divided_by_number_of_words": 0.2222222222222222,
    "types_divided_by_uttsegdur": 1.0178807722322125,
    "mean_length_of_filled_pauses": 0,
    "frequency_of_filled_pauses": 0.0,
    "asr_score": 0.8331111111111111,
    "f1_mean": 483.2114702614,
    "f2_mean": 1636.277849902434,
    "f3_mean": 2752.943483680986,
    "f4_mean": 3778.7879868896266,
    "f1_median": 460.9900476473677,
    "f2_median": 1641.8353903957525,
    "f3_median": 2821.671975231198,
    "f4_median": 3864.146852504207,
    "duration": 36.1425,
    "meanF0": 179.2048593137793,
    "stdevF0": 35.831146870060586,
    "hnr": 16.807564331414873,
    "local_jitter": 0.0200244668961575,
    "local_absolute_jitter": 0.00011210285510443403,
    "rap_jitter": 0.009345577038719388,
    "ppq5_jitter": 0.009151113575941167,
    "ddp_jitter": 0.02803673111615816,
    "local_shimmer": 0.07168619092925876,
    "localdb_shimmer": 0.6975323328291948,
    "apq3_shimmer": 0.028347083930885666,
    "apq5_shimmer": 0.034718038559637045,
    "apq11_shimmer": 0.05765413641698148,
    "dda_shimmer": 0.085041251792657,
    "mean_spectral_energy": 0.10962998867034912,
    "intensity_mean": 0.007321961689740419,
    "intensity_min": 6.272066093515605e-05,
    "intensity_max": 0.04974780231714249,
    "intensity_range": 0.04968508332967758,
    "intensity_sd": 0.009448458440601826
}