{
    "total_duration": 72.58,
    "total_words": 122,
    "unique_words_count": 72,
    "average_chunk_length_in_words": 3.210526315789474,
    "articulation_rate": 3.026994839221915,
    "mean_deviation_of_chunks_in_words": 2.0138504155124664,
    "duration_of_silences_per_word": 0.26366393442622965,
    "mean_of_silence_duration": 0.8693783783783788,
    "mean_duration_of_long_pauses": 1.185916666666667,
    "frequency_of_longer_pauses_divided_by_number_of_words": 0.19672131147540983,
    "types_divided_by_uttsegdur": 0.9920088178561588,
    "mean_length_of_filled_pauses": 0.38500000000000006,
    "frequency_of_filled_pauses": 0.08266740148801323,
    "asr_score": 0.8132131147540984,
    "f1_mean": 498.27906724028384,
    "f2_mean": 1580.4351568783209,
    "f3_mean": 2735.2943508542176,
    "f4_mean": 3732.117166434481,
    "f1_median": 478.8105611681061,
    "f2_median": 1559.2561783025146,
    "f3_median": 2800.12600207986,
    "f4_median": 3802.0727010043756,
    "duration": 74.17,
    "meanF0": 168.81084317528465,
    "stdevF0": 32.37779124472598,
    "hnr": 16.453218208519925,
    "local_jitter": 0.02040805999968539,
    "local_absolute_jitter": 0.00012092822653302528,
    "rap_jitter": 0.009485056738695787,
    "ppq5_jitter": 0.009481341421032722,
    "ddp_jitter": 0.02845517021608736,
    "local_shimmer": 0.0774576396432295,
    "localdb_shimmer": 0.7577090305769154,
    "apq3_shimmer": 0.02835032626436355,
    "apq5_shimmer": 0.0362423943058544,
    "apq11_shimmer": 0.06896859105906118,
    "dda_shimmer": 0.08505097879309065,
    "mean_spectral_energy": 0.104257732629776,
    "intensity_mean": 0.00825488567352295,
    "intensity_min": 5.845074701937847e-05,
    "intensity_max": 0.04896145686507225,
    "intensity_range": 0.04890300706028938,
    "intensity_sd": 0.008230356499552727
}