{
    "total_duration": 28.236,
    "total_words": 38,
    "unique_words_count": 26,
    "average_chunk_length_in_words": 2.235294117647059,
    "articulation_rate": 3.1664027997666855,
    "mean_deviation_of_chunks_in_words": 1.3010380622837368,
    "duration_of_silences_per_word": 0.4264736842105262,
    "mean_of_silence_duration": 1.0128749999999997,
    "mean_duration_of_long_pauses": 1.4565,
    "frequency_of_longer_pauses_divided_by_number_of_words": 0.2631578947368421,
    "types_divided_by_uttsegdur": 0.9208103130755064,
    "mean_length_of_filled_pauses": 0.4800000000000004,
    "frequency_of_filled_pauses": 0.035415781272134864,
    "asr_score": 0.8239736842105263,
    "f1_mean": 483.05566673594,
    "f2_mean": 1579.2494451882048,
    "f3_mean": 2782.1813914507015,
    "f4_mean": 3799.7416437515667,
    "f1_median": 458.0247772886086,
    "f2_median": 1537.7433355740488,
    "f3_median": 2853.7657191475505,
    "f4_median": 3844.746819641327,
    "duration": 29.757875,
    "meanF0": 175.23342965604385,
    "stdevF0": 38.566367809137766,
    "hnr": 17.259489713039123,
    "local_jitter": 0.019522888882321537,
    "local_absolute_jitter": 0.0001115928059326155,
    "rap_jitter": 0.009609229064509183,
    "ppq5_jitter": 0.009516851497921404,
    "ddp_jitter": 0.02882768719352755,
    "local_shimmer": 0.0749757281618934,
    "localdb_shimmer": 0.7410877153268052,
    "apq3_shimmer": 0.029848799898694402,
    "apq5_shimmer": 0.035154225892196876,
    "apq11_shimmer": 0.0565360743262251,
    "dda_shimmer": 0.0895463996960832,
    "mean_spectral_energy": 0.0676729679107666,
    "intensity_mean": 0.005972584709525108,
    "intensity_min": 6.343876157188788e-05,
    "intensity_max": 0.035236235707998276,
    "intensity_range": 0.03517279773950577,
    "intensity_sd": 0.007247660309076309
}