{
    "total_duration": 60.978,
    "total_words": 130,
    "unique_words_count": 66,
    "average_chunk_length_in_words": 3.0232558139534884,
    "articulation_rate": 3.1912804399057313,
    "mean_deviation_of_chunks_in_words": 1.6636019469983783,
    "duration_of_silences_per_word": 0.15533076923076894,
    "mean_of_silence_duration": 0.4807857142857134,
    "mean_duration_of_long_pauses": 0.9837692307692307,
    "frequency_of_longer_pauses_divided_by_number_of_words": 0.1,
    "types_divided_by_uttsegdur": 1.082357571583194,
    "mean_length_of_filled_pauses": 0.4424999999999981,
    "frequency_of_filled_pauses": 0.06559742858079963,
    "asr_score": 0.8303076923076922,
    "f1_mean": 496.07319869600553,
    "f2_mean": 1693.506127305638,
    "f3_mean": 2655.4441438784484,
    "f4_mean": 3929.988017155361,
    "f1_median": 463.95449542778624,
    "f2_median": 1731.5672875384425,
    "f3_median": 2681.4976071830242,
    "f4_median": 4051.541136641124,
    "duration": 70.03,
    "meanF0": 212.37712693316095,
    "stdevF0": 32.99327175833885,
    "hnr": 20.359885291072608,
    "local_jitter": 0.015250143820790525,
    "local_absolute_jitter": 7.193783605211594e-05,
    "rap_jitter": 0.006096930048902324,
    "ppq5_jitter": 0.006017326481143474,
    "ddp_jitter": 0.01829079014670697,
    "local_shimmer": 0.051002842586112006,
    "localdb_shimmer": 0.5394657388296547,
    "apq3_shimmer": 0.012699269792368809,
    "apq5_shimmer": 0.019562645170516948,
    "apq11_shimmer": 0.044025177645388824,
    "dda_shimmer": 0.038097809377106426,
    "mean_spectral_energy": 0.3528037369251251,
    "intensity_mean": 0.015290839597582817,
    "intensity_min": 5.270551991998218e-05,
    "intensity_max": 0.08624892681837082,
    "intensity_range": 0.08619622141122818,
    "intensity_sd": 0.015033680014312267
}