{
    "total_duration": 30.378,
    "total_words": 56,
    "unique_words_count": 36,
    "average_chunk_length_in_words": 2.4347826086956523,
    "articulation_rate": 2.8054706678022137,
    "mean_deviation_of_chunks_in_words": 1.2627599243856333,
    "duration_of_silences_per_word": 0.1840714285714285,
    "mean_of_silence_duration": 0.4685454545454544,
    "mean_duration_of_long_pauses": 0.7072222222222222,
    "frequency_of_longer_pauses_divided_by_number_of_words": 0.16071428571428573,
    "types_divided_by_uttsegdur": 1.1850681414181314,
    "mean_length_of_filled_pauses": 0.41999999999999993,
    "frequency_of_filled_pauses": 0.032918559483836984,
    "asr_score": 0.8173214285714286,
    "f1_mean": 536.3945579466184,
    "f2_mean": 1680.2050493854717,
    "f3_mean": 2740.1449617402777,
    "f4_mean": 3975.5448481727485,
    "f1_median": 516.2221945544615,
    "f2_median": 1683.4326993903649,
    "f3_median": 2756.3337698249666,
    "f4_median": 4088.869833932226,
    "duration": 35.24,
    "meanF0": 213.32444465285707,
    "stdevF0": 33.27856781791046,
    "hnr": 21.21743911241293,
    "local_jitter": 0.013289536454248194,
    "local_absolute_jitter": 6.230225024501561e-05,
    "rap_jitter": 0.00516761298347521,
    "ppq5_jitter": 0.005028010642845059,
    "ddp_jitter": 0.015502838950425632,
    "local_shimmer": 0.04370350350917073,
    "localdb_shimmer": 0.4540411313096821,
    "apq3_shimmer": 0.011430373777427418,
    "apq5_shimmer": 0.015719929312990762,
    "apq11_shimmer": 0.032442802816832365,
    "dda_shimmer": 0.03429112133228225,
    "mean_spectral_energy": 0.37490251660346985,
    "intensity_mean": 0.015368953347206116,
    "intensity_min": 5.410835728980601e-05,
    "intensity_max": 0.08712771534919739,
    "intensity_range": 0.08707360923290253,
    "intensity_sd": 0.0158876683562994
}