{
    "total_duration": 45.139,
    "total_words": 88,
    "unique_words_count": 50,
    "average_chunk_length_in_words": 2.2,
    "articulation_rate": 3.6249794035261176,
    "mean_deviation_of_chunks_in_words": 1.1300000000000006,
    "duration_of_silences_per_word": 0.23652272727272736,
    "mean_of_silence_duration": 0.5336923076923079,
    "mean_duration_of_long_pauses": 0.8680624999999998,
    "frequency_of_longer_pauses_divided_by_number_of_words": 0.18181818181818182,
    "types_divided_by_uttsegdur": 1.1076895810718004,
    "mean_length_of_filled_pauses": 0.3000000000000016,
    "frequency_of_filled_pauses": 0.04430758324287201,
    "asr_score": 0.8158863636363637,
    "f1_mean": 489.4286859276511,
    "f2_mean": 1625.6432372164145,
    "f3_mean": 2635.045056314596,
    "f4_mean": 3876.226919204933,
    "f1_median": 451.4987983179757,
    "f2_median": 1613.6899061645613,
    "f3_median": 2670.660455515948,
    "f4_median": 4056.241169522487,
    "duration": 51.584,
    "meanF0": 206.3344948756538,
    "stdevF0": 26.928682134884472,
    "hnr": 20.26251122570123,
    "local_jitter": 0.014677091970886274,
    "local_absolute_jitter": 7.142177395393636e-05,
    "rap_jitter": 0.005614581352484039,
    "ppq5_jitter": 0.005953049662304609,
    "ddp_jitter": 0.016843744057452117,
    "local_shimmer": 0.05105816255294097,
    "localdb_shimmer": 0.5418204905950753,
    "apq3_shimmer": 0.013267822093341779,
    "apq5_shimmer": 0.020627838310223374,
    "apq11_shimmer": 0.043494391737186014,
    "dda_shimmer": 0.03980346628002534,
    "mean_spectral_energy": 0.43077030777931213,
    "intensity_mean": 0.015777138993144035,
    "intensity_min": 6.581543857464567e-05,
    "intensity_max": 0.08572878688573837,
    "intensity_range": 0.08566296845674515,
    "intensity_sd": 0.017678285017609596
}