{
    "total_duration": 58.917,
    "total_words": 126,
    "unique_words_count": 64,
    "average_chunk_length_in_words": 3.7058823529411766,
    "articulation_rate": 3.041054232133806,
    "mean_deviation_of_chunks_in_words": 2.7543252595155705,
    "duration_of_silences_per_word": 0.13805555555555551,
    "mean_of_silence_duration": 0.527121212121212,
    "mean_duration_of_long_pauses": 0.8044375,
    "frequency_of_longer_pauses_divided_by_number_of_words": 0.12698412698412698,
    "types_divided_by_uttsegdur": 1.086273910755809,
    "mean_length_of_filled_pauses": 0.40499999999999936,
    "frequency_of_filled_pauses": 0.03394605971111903,
    "asr_score": 0.7990396825396825,
    "f1_mean": 482.5688028601498,
    "f2_mean": 1709.0786654972087,
    "f3_mean": 2685.823799264552,
    "f4_mean": 3920.7402015846856,
    "f1_median": 449.86967044658525,
    "f2_median": 1699.1525974048857,
    "f3_median": 2725.7489584144655,
    "f4_median": 4072.9536976729814,
    "duration": 69.87,
    "meanF0": 215.46908451364004,
    "stdevF0": 32.391810972832246,
    "hnr": 20.447457645143846,
    "local_jitter": 0.014050933002910397,
    "local_absolute_jitter": 6.52870855376785e-05,
    "rap_jitter": 0.0058130430837522225,
    "ppq5_jitter": 0.005883567402349392,
    "ddp_jitter": 0.017439129251256666,
    "local_shimmer": 0.052348099171363904,
    "localdb_shimmer": 0.5411749487257431,
    "apq3_shimmer": 0.014739617837447507,
    "apq5_shimmer": 0.02102275706392184,
    "apq11_shimmer": 0.045926882970389535,
    "dda_shimmer": 0.04421885351234252,
    "mean_spectral_energy": 0.423846572637558,
    "intensity_mean": 0.01712600141763687,
    "intensity_min": 5.877659350517206e-05,
    "intensity_max": 0.08205557614564896,
    "intensity_range": 0.08199679851531982,
    "intensity_sd": 0.01609703153371811
}