{
    "total_duration": 60.798,
    "total_words": 120,
    "unique_words_count": 69,
    "average_chunk_length_in_words": 2.5,
    "articulation_rate": 3.0363604159813784,
    "mean_deviation_of_chunks_in_words": 1.5,
    "duration_of_silences_per_word": 0.1760666666666669,
    "mean_of_silence_duration": 0.4495319148936176,
    "mean_duration_of_long_pauses": 0.8166875000000002,
    "frequency_of_longer_pauses_divided_by_number_of_words": 0.13333333333333333,
    "types_divided_by_uttsegdur": 1.1349057534787328,
    "mean_length_of_filled_pauses": 0.46499999999999986,
    "frequency_of_filled_pauses": 0.032895818941412545,
    "asr_score": 0.8249416666666668,
    "f1_mean": 480.95459544924006,
    "f2_mean": 1655.100066616737,
    "f3_mean": 2671.0193727347173,
    "f4_mean": 3935.476197530501,
    "f1_median": 433.09553264225093,
    "f2_median": 1643.6988449820851,
    "f3_median": 2701.788131982908,
    "f4_median": 4066.287359272462,
    "duration": 69.08,
    "meanF0": 210.3961887971966,
    "stdevF0": 31.840993915902573,
    "hnr": 20.72862938716633,
    "local_jitter": 0.0151498818797698,
    "local_absolute_jitter": 7.203274493047475e-05,
    "rap_jitter": 0.006424693217782782,
    "ppq5_jitter": 0.006065670074590038,
    "ddp_jitter": 0.019274079653348347,
    "local_shimmer": 0.050737149914320795,
    "localdb_shimmer": 0.5163230363538012,
    "apq3_shimmer": 0.014118146835848777,
    "apq5_shimmer": 0.020208671283867385,
    "apq11_shimmer": 0.04129782846975898,
    "dda_shimmer": 0.04235444050754633,
    "mean_spectral_energy": 0.39383256435394287,
    "intensity_mean": 0.016197921708226204,
    "intensity_min": 6.0176411352586e-05,
    "intensity_max": 0.08458760380744934,
    "intensity_range": 0.08452742546796799,
    "intensity_sd": 0.015840591862797737
}