{
    "total_duration": 59.49,
    "total_words": 98,
    "unique_words_count": 62,
    "average_chunk_length_in_words": 2.6486486486486487,
    "articulation_rate": 3.237421955006442,
    "mean_deviation_of_chunks_in_words": 1.4390065741417093,
    "duration_of_silences_per_word": 0.29663265306122455,
    "mean_of_silence_duration": 0.8075000000000001,
    "mean_duration_of_long_pauses": 1.2613157894736848,
    "frequency_of_longer_pauses_divided_by_number_of_words": 0.19387755102040816,
    "types_divided_by_uttsegdur": 1.0421919650361404,
    "mean_length_of_filled_pauses": 0,
    "frequency_of_filled_pauses": 0.0,
    "asr_score": 0.8371326530612246,
    "f1_mean": 413.3164911637634,
    "f2_mean": 1386.5478834888022,
    "f3_mean": 2259.6096910198125,
    "f4_mean": 3472.6793322893996,
    "f1_median": 389.32584592378015,
    "f2_median": 1367.0206257722268,
    "f3_median": 2232.897208393296,
    "f4_median": 3503.2716063123175,
    "duration": 67.49,
    "meanF0": 92.78125429300478,
    "stdevF0": 12.770891599507529,
    "hnr": 14.189638384537055,
    "local_jitter": 0.026067573170593664,
    "local_absolute_jitter": 0.00028295404080146906,
    "rap_jitter": 0.009269682893353998,
    "ppq5_jitter": 0.012138158597339853,
    "ddp_jitter": 0.027809048680061996,
    "local_shimmer": 0.08331294239892124,
    "localdb_shimmer": 0.8147488400059123,
    "apq3_shimmer": 0.020825510645195958,
    "apq5_shimmer": 0.037954716478124415,
    "apq11_shimmer": 0.09707900631099986,
    "dda_shimmer": 0.06247653193558787,
    "mean_spectral_energy": 0.07996153831481934,
    "intensity_mean": 0.006094845477491617,
    "intensity_min": 6.225404649740085e-05,
    "intensity_max": 0.0363682359457016,
    "intensity_range": 0.036305982619524,
    "intensity_sd": 0.0081894900649786
}