{
    "total_duration": 60.083,
    "total_words": 93,
    "unique_words_count": 52,
    "average_chunk_length_in_words": 3.0,
    "articulation_rate": 3.233657858136302,
    "mean_deviation_of_chunks_in_words": 1.4838709677419355,
    "duration_of_silences_per_word": 0.33154838709677437,
    "mean_of_silence_duration": 1.0278000000000005,
    "mean_duration_of_long_pauses": 1.4126500000000006,
    "frequency_of_longer_pauses_divided_by_number_of_words": 0.21505376344086022,
    "types_divided_by_uttsegdur": 0.8654694339497029,
    "mean_length_of_filled_pauses": 0.36000000000000165,
    "frequency_of_filled_pauses": 0.04993092888171363,
    "asr_score": 0.8302043010752685,
    "f1_mean": 418.13419070507905,
    "f2_mean": 1402.6692527424195,
    "f3_mean": 2304.2307683569907,
    "f4_mean": 3533.2185736186966,
    "f1_median": 370.6042254866956,
    "f2_median": 1350.7409173813894,
    "f3_median": 2250.359558477675,
    "f4_median": 3555.645733269393,
    "duration": 61.21,
    "meanF0": 91.27772750853642,
    "stdevF0": 12.389203391851641,
    "hnr": 11.427834311847349,
    "local_jitter": 0.029400803948207557,
    "local_absolute_jitter": 0.0003243740274624388,
    "rap_jitter": 0.010925310490864416,
    "ppq5_jitter": 0.012494929953026765,
    "ddp_jitter": 0.03277593147259325,
    "local_shimmer": 0.09851480541004852,
    "localdb_shimmer": 0.9771803250984613,
    "apq3_shimmer": 0.02617152941045138,
    "apq5_shimmer": 0.04695606530734153,
    "apq11_shimmer": 0.11311760632247178,
    "dda_shimmer": 0.07851458823135414,
    "mean_spectral_energy": 0.05739786475896835,
    "intensity_mean": 0.005559504963457584,
    "intensity_min": 5.704188151867129e-05,
    "intensity_max": 0.03591214120388031,
    "intensity_range": 0.03585509955883026,
    "intensity_sd": 0.006625621113926172
}