{
    "total_duration": 55.096,
    "total_words": 94,
    "unique_words_count": 61,
    "average_chunk_length_in_words": 2.764705882352941,
    "articulation_rate": 3.0427604959052204,
    "mean_deviation_of_chunks_in_words": 1.750865051903114,
    "duration_of_silences_per_word": 0.25610638297872323,
    "mean_of_silence_duration": 0.729515151515151,
    "mean_duration_of_long_pauses": 0.98047619047619,
    "frequency_of_longer_pauses_divided_by_number_of_words": 0.22340425531914893,
    "types_divided_by_uttsegdur": 1.1071584144039495,
    "mean_length_of_filled_pauses": 0.4049999999999976,
    "frequency_of_filled_pauses": 0.03630027588209671,
    "asr_score": 0.8085531914893613,
    "f1_mean": 438.0586272205769,
    "f2_mean": 1430.3412034235384,
    "f3_mean": 2359.847746024236,
    "f4_mean": 3545.507409060157,
    "f1_median": 405.72437400354244,
    "f2_median": 1416.8898621307806,
    "f3_median": 2353.323010513651,
    "f4_median": 3586.126982734678,
    "duration": 57.0579375,
    "meanF0": 93.89675580425575,
    "stdevF0": 12.785561874114482,
    "hnr": 14.924889871115331,
    "local_jitter": 0.02527855780501737,
    "local_absolute_jitter": 0.00027052661089495435,
    "rap_jitter": 0.008491377796191777,
    "ppq5_jitter": 0.01011903343729467,
    "ddp_jitter": 0.02547413338857533,
    "local_shimmer": 0.08056860735868164,
    "localdb_shimmer": 0.7976603024914058,
    "apq3_shimmer": 0.01888544007543273,
    "apq5_shimmer": 0.03278597432515228,
    "apq11_shimmer": 0.0635785635809197,
    "dda_shimmer": 0.056656320226298185,
    "mean_spectral_energy": 0.11154313385486603,
    "intensity_mean": 0.007694585714489222,
    "intensity_min": 7.156185165513307e-05,
    "intensity_max": 0.0409260056912899,
    "intensity_range": 0.04085444286465645,
    "intensity_sd": 0.009282663464546204
}