{
    "total_duration": 26.852,
    "total_words": 73,
    "unique_words_count": 52,
    "average_chunk_length_in_words": 5.214285714285714,
    "articulation_rate": 3.664842612580953,
    "mean_deviation_of_chunks_in_words": 2.9591836734693877,
    "duration_of_silences_per_word": 0.09457534246575341,
    "mean_of_silence_duration": 0.531076923076923,
    "mean_duration_of_long_pauses": 0.8239999999999998,
    "frequency_of_longer_pauses_divided_by_number_of_words": 0.0821917808219178,
    "types_divided_by_uttsegdur": 1.9365410397735736,
    "mean_length_of_filled_pauses": 0.44250000000000045,
    "frequency_of_filled_pauses": 0.14896469536719797,
    "asr_score": 0.8092739726027394,
    "f1_mean": 573.0607225889897,
    "f2_mean": 1422.5887233835806,
    "f3_mean": 2425.267754629528,
    "f4_mean": 3466.124114269707,
    "f1_median": 550.7563657482751,
    "f2_median": 1328.4516965621915,
    "f3_median": 2429.39026769864,
    "f4_median": 3446.5520056162272,
    "duration": 26.858684807256235,
    "meanF0": 184.97840426350763,
    "stdevF0": 44.157486692311885,
    "hnr": 10.961767661063297,
    "local_jitter": 0.02153536734336546,
    "local_absolute_jitter": 0.00011629049520849515,
    "rap_jitter": 0.009319973770449675,
    "ppq5_jitter": 0.008901776519304292,
    "ddp_jitter": 0.027959921311349025,
    "local_shimmer": 0.11912788259712041,
    "localdb_shimmer": 1.119860839706419,
    "apq3_shimmer": 0.04591605475740661,
    "apq5_shimmer": 0.06370868243308181,
    "apq11_shimmer": 0.09546062191812586,
    "dda_shimmer": 0.1377481642722198,
    "mean_spectral_energy": 0.3787387013435364,
    "intensity_mean": 0.01684529520571232,
    "intensity_min": 0.00027983071049675345,
    "intensity_max": 0.08685993403196335,
    "intensity_range": 0.08658010512590408,
    "intensity_sd": 0.014486166648566723
}