{
    "total_duration": 43.791,
    "total_words": 70,
    "unique_words_count": 46,
    "average_chunk_length_in_words": 2.3333333333333335,
    "articulation_rate": 2.499375156210949,
    "mean_deviation_of_chunks_in_words": 1.377777777777778,
    "duration_of_silences_per_word": 0.2227857142857146,
    "mean_of_silence_duration": 0.5377586206896559,
    "mean_duration_of_long_pauses": 0.8206923076923082,
    "frequency_of_longer_pauses_divided_by_number_of_words": 0.18571428571428572,
    "types_divided_by_uttsegdur": 1.050444155191706,
    "mean_length_of_filled_pauses": 0.41,
    "frequency_of_filled_pauses": 0.2740289100500103
}