{
    "total_duration": 43.472,
    "total_words": 49,
    "unique_words_count": 40,
    "average_chunk_length_in_words": 1.8846153846153846,
    "articulation_rate": 1.8101887768295841,
    "mean_deviation_of_chunks_in_words": 1.0207100591715976,
    "duration_of_silences_per_word": 0.28718367346938795,
    "mean_of_silence_duration": 0.5628800000000004,
    "mean_duration_of_long_pauses": 1.0760000000000003,
    "frequency_of_longer_pauses_divided_by_number_of_words": 0.16326530612244897,
    "types_divided_by_uttsegdur": 0.9201324990798675,
    "mean_length_of_filled_pauses": 0.5099999999999998,
    "frequency_of_filled_pauses": 0.1380198748619801
}