{
    "total_duration": 27.368,
    "total_words": 49,
    "unique_words_count": 38,
    "average_chunk_length_in_words": 2.45,
    "articulation_rate": 2.993097550546698,
    "mean_deviation_of_chunks_in_words": 1.44,
    "duration_of_silences_per_word": 0.2230204081632653,
    "mean_of_silence_duration": 0.5751578947368421,
    "mean_duration_of_long_pauses": 0.9584444444444448,
    "frequency_of_longer_pauses_divided_by_number_of_words": 0.1836734693877551,
    "types_divided_by_uttsegdur": 1.3884828997369192,
    "mean_length_of_filled_pauses": 0.2999999999999998,
    "frequency_of_filled_pauses": 0.03653902367728735
}