{
    "total_duration": 56.7,
    "total_words": 106,
    "unique_words_count": 67,
    "average_chunk_length_in_words": 2.864864864864865,
    "articulation_rate": 3.4616766271513004,
    "mean_deviation_of_chunks_in_words": 1.5836376917457997,
    "duration_of_silences_per_word": 0.24084905660377354,
    "mean_of_silence_duration": 0.7091666666666665,
    "mean_duration_of_long_pauses": 0.9649090909090908,
    "frequency_of_longer_pauses_divided_by_number_of_words": 0.20754716981132076,
    "types_divided_by_uttsegdur": 1.181657848324515,
    "mean_length_of_filled_pauses": 0.4482352941176469,
    "frequency_of_filled_pauses": 0.2998236331569665
}