{
    "total_duration": 59.635,
    "total_words": 108,
    "unique_words_count": 71,
    "average_chunk_length_in_words": 2.6341463414634148,
    "articulation_rate": 3.0659172202350544,
    "mean_deviation_of_chunks_in_words": 1.3765615704937535,
    "duration_of_silences_per_word": 0.22537037037037047,
    "mean_of_silence_duration": 0.6085000000000003,
    "mean_duration_of_long_pauses": 1.063294117647059,
    "frequency_of_longer_pauses_divided_by_number_of_words": 0.1574074074074074,
    "types_divided_by_uttsegdur": 1.1905760040244824,
    "mean_length_of_filled_pauses": 0.4414285714285711,
    "frequency_of_filled_pauses": 0.11738073279114614
}