{
    "total_duration": 28.397,
    "total_words": 45,
    "unique_words_count": 34,
    "average_chunk_length_in_words": 2.6470588235294117,
    "articulation_rate": 2.852614896988907,
    "mean_deviation_of_chunks_in_words": 1.5847750865051902,
    "duration_of_silences_per_word": 0.2522666666666667,
    "mean_of_silence_duration": 0.7095,
    "mean_duration_of_long_pauses": 1.103625,
    "frequency_of_longer_pauses_divided_by_number_of_words": 0.17777777777777778,
    "types_divided_by_uttsegdur": 1.197309574955101,
    "mean_length_of_filled_pauses": 0.43999999999999934,
    "frequency_of_filled_pauses": 0.21128992499207663
}