{
    "total_duration": 46.592,
    "total_words": 78,
    "unique_words_count": 56,
    "average_chunk_length_in_words": 2.2941176470588234,
    "articulation_rate": 3.5860420210564987,
    "mean_deviation_of_chunks_in_words": 1.1799307958477512,
    "duration_of_silences_per_word": 0.3168205128205125,
    "mean_of_silence_duration": 0.7488484848484841,
    "mean_duration_of_long_pauses": 0.9631363636363627,
    "frequency_of_longer_pauses_divided_by_number_of_words": 0.28205128205128205,
    "types_divided_by_uttsegdur": 1.2019230769230769,
    "mean_length_of_filled_pauses": 0.5233333333333339,
    "frequency_of_filled_pauses": 0.1931662087912088
}