{
    "total_duration": 37.903,
    "total_words": 52,
    "unique_words_count": 32,
    "average_chunk_length_in_words": 1.9259259259259258,
    "articulation_rate": 3.7867754150888433,
    "mean_deviation_of_chunks_in_words": 1.0973936899862826,
    "duration_of_silences_per_word": 0.4399807692307692,
    "mean_of_silence_duration": 0.8799615384615384,
    "mean_duration_of_long_pauses": 1.1065555555555555,
    "frequency_of_longer_pauses_divided_by_number_of_words": 0.34615384615384615,
    "types_divided_by_uttsegdur": 0.8442603487850566,
    "mean_length_of_filled_pauses": 0.5200000000000001,
    "frequency_of_filled_pauses": 0.15829881539719812
}