{
    "total_duration": 27.308,
    "total_words": 52,
    "unique_words_count": 39,
    "average_chunk_length_in_words": 3.25,
    "articulation_rate": 3.254678600488203,
    "mean_deviation_of_chunks_in_words": 2.03125,
    "duration_of_silences_per_word": 0.2158076923076924,
    "mean_of_silence_duration": 0.7481333333333336,
    "mean_duration_of_long_pauses": 1.1450000000000005,
    "frequency_of_longer_pauses_divided_by_number_of_words": 0.15384615384615385,
    "types_divided_by_uttsegdur": 1.4281529222205946,
    "mean_length_of_filled_pauses": 0.4050000000000007,
    "frequency_of_filled_pauses": 0.07323861139592794
}