{
    "total_duration": 36.2,
    "total_words": 38,
    "unique_words_count": 22,
    "average_chunk_length_in_words": 2.923076923076923,
    "articulation_rate": 2.7508324887794986,
    "mean_deviation_of_chunks_in_words": 1.6094674556213018,
    "duration_of_silences_per_word": 0.5172368421052632,
    "mean_of_silence_duration": 1.6379166666666667,
    "mean_duration_of_long_pauses": 3.5986,
    "frequency_of_longer_pauses_divided_by_number_of_words": 0.13157894736842105,
    "types_divided_by_uttsegdur": 0.6077348066298343,
    "mean_length_of_filled_pauses": 0.47999999999999954,
    "frequency_of_filled_pauses": 0.11049723756906077
}