{
    "total_duration": 42.913,
    "total_words": 81,
    "unique_words_count": 48,
    "average_chunk_length_in_words": 2.53125,
    "articulation_rate": 3.40593726347658,
    "mean_deviation_of_chunks_in_words": 1.634765625,
    "duration_of_silences_per_word": 0.22988888888888892,
    "mean_of_silence_duration": 0.6006774193548388,
    "mean_duration_of_long_pauses": 1.0210714285714284,
    "frequency_of_longer_pauses_divided_by_number_of_words": 0.1728395061728395,
    "types_divided_by_uttsegdur": 1.1185421667093889,
    "mean_length_of_filled_pauses": 0.6899999999999977,
    "frequency_of_filled_pauses": 0.023302961806445602
}