{
    "total_duration": 59.49,
    "total_words": 98,
    "unique_words_count": 62,
    "average_chunk_length_in_words": 2.6486486486486487,
    "articulation_rate": 3.237421955006442,
    "mean_deviation_of_chunks_in_words": 1.4390065741417093,
    "duration_of_silences_per_word": 0.29663265306122455,
    "mean_of_silence_duration": 0.8075000000000001,
    "mean_duration_of_long_pauses": 1.2613157894736848,
    "frequency_of_longer_pauses_divided_by_number_of_words": 0.19387755102040816,
    "types_divided_by_uttsegdur": 1.0421919650361404,
    "mean_length_of_filled_pauses": 0,
    "frequency_of_filled_pauses": 0.0
}