{
    "total_duration": 44.004,
    "total_words": 61,
    "unique_words_count": 40,
    "average_chunk_length_in_words": 2.1785714285714284,
    "articulation_rate": 3.384188626907074,
    "mean_deviation_of_chunks_in_words": 1.385204081632653,
    "duration_of_silences_per_word": 0.4136065573770492,
    "mean_of_silence_duration": 0.9344444444444444,
    "mean_duration_of_long_pauses": 1.218421052631579,
    "frequency_of_longer_pauses_divided_by_number_of_words": 0.3114754098360656,
    "types_divided_by_uttsegdur": 0.909008271975275,
    "mean_length_of_filled_pauses": 0.3450000000000004,
    "frequency_of_filled_pauses": 0.04545041359876375
}