{
    "total_duration": 43.813,
    "total_words": 95,
    "unique_words_count": 56,
    "average_chunk_length_in_words": 5.277777777777778,
    "articulation_rate": 3.082214002984881,
    "mean_deviation_of_chunks_in_words": 2.6419753086419755,
    "duration_of_silences_per_word": 0.13560000000000003,
    "mean_of_silence_duration": 0.757764705882353,
    "mean_duration_of_long_pauses": 0.9599999999999999,
    "frequency_of_longer_pauses_divided_by_number_of_words": 0.12631578947368421,
    "types_divided_by_uttsegdur": 1.2781594503914362,
    "mean_length_of_filled_pauses": 0.6599999999999984,
    "frequency_of_filled_pauses": 0.045648551799694154
}