{
    "total_duration": 42.727,
    "total_words": 82,
    "unique_words_count": 49,
    "average_chunk_length_in_words": 2.9285714285714284,
    "articulation_rate": 3.294892915980231,
    "mean_deviation_of_chunks_in_words": 1.6428571428571428,
    "duration_of_silences_per_word": 0.2159878048780488,
    "mean_of_silence_duration": 0.6559629629629631,
    "mean_duration_of_long_pauses": 1.1100769230769234,
    "frequency_of_longer_pauses_divided_by_number_of_words": 0.15853658536585366,
    "types_divided_by_uttsegdur": 1.1468158307393452,
    "mean_length_of_filled_pauses": 0.3514285714285714,
    "frequency_of_filled_pauses": 0.1638308329627636
}