{
    "total_duration": 50.94,
    "total_words": 73,
    "unique_words_count": 49,
    "average_chunk_length_in_words": 1.9210526315789473,
    "articulation_rate": 2.963744874345338,
    "mean_deviation_of_chunks_in_words": 1.018005540166205,
    "duration_of_silences_per_word": 0.35835616438356177,
    "mean_of_silence_duration": 0.7070270270270272,
    "mean_duration_of_long_pauses": 1.0777500000000007,
    "frequency_of_longer_pauses_divided_by_number_of_words": 0.273972602739726,
    "types_divided_by_uttsegdur": 0.9619159795838241,
    "mean_length_of_filled_pauses": 0.4500000000000002,
    "frequency_of_filled_pauses": 0.15704750687082844
}