{
    "total_duration": 44.038,
    "total_words": 77,
    "unique_words_count": 39,
    "average_chunk_length_in_words": 2.566666666666667,
    "articulation_rate": 3.457255747126435,
    "mean_deviation_of_chunks_in_words": 1.4800000000000002,
    "duration_of_silences_per_word": 0.26254545454545436,
    "mean_of_silence_duration": 0.6971034482758616,
    "mean_duration_of_long_pauses": 1.0468124999999993,
    "frequency_of_longer_pauses_divided_by_number_of_words": 0.2077922077922078,
    "types_divided_by_uttsegdur": 0.8855988010354694,
    "mean_length_of_filled_pauses": 0.5812499999999997,
    "frequency_of_filled_pauses": 0.1816612925200963
}