{
    "total_duration": 38.148,
    "total_words": 68,
    "unique_words_count": 39,
    "average_chunk_length_in_words": 2.8333333333333335,
    "articulation_rate": 3.0575539568345302,
    "mean_deviation_of_chunks_in_words": 1.638888888888889,
    "duration_of_silences_per_word": 0.22467647058823512,
    "mean_of_silence_duration": 0.6642608695652169,
    "mean_duration_of_long_pauses": 1.2838749999999992,
    "frequency_of_longer_pauses_divided_by_number_of_words": 0.11764705882352941,
    "types_divided_by_uttsegdur": 1.0223340673167662,
    "mean_length_of_filled_pauses": 0.6224999999999996,
    "frequency_of_filled_pauses": 0.20970955227010588
}