{
    "total_duration": 43.768,
    "total_words": 97,
    "unique_words_count": 58,
    "average_chunk_length_in_words": 3.03125,
    "articulation_rate": 3.7973692452239267,
    "mean_deviation_of_chunks_in_words": 2.1015625,
    "duration_of_silences_per_word": 0.17064948453608245,
    "mean_of_silence_duration": 0.5339677419354838,
    "mean_duration_of_long_pauses": 0.9238333333333331,
    "frequency_of_longer_pauses_divided_by_number_of_words": 0.12371134020618557,
    "types_divided_by_uttsegdur": 1.3251690732955583,
    "mean_length_of_filled_pauses": 0.44999999999999973,
    "frequency_of_filled_pauses": 0.04569548528605374
}