{
    "total_duration": 46.456,
    "total_words": 57,
    "unique_words_count": 41,
    "average_chunk_length_in_words": 1.8387096774193548,
    "articulation_rate": 3.18809776833156,
    "mean_deviation_of_chunks_in_words": 0.9739854318418317,
    "duration_of_silences_per_word": 0.49908771929824547,
    "mean_of_silence_duration": 0.9482666666666665,
    "mean_duration_of_long_pauses": 1.579,
    "frequency_of_longer_pauses_divided_by_number_of_words": 0.2631578947368421,
    "types_divided_by_uttsegdur": 0.8825555364215601,
    "mean_length_of_filled_pauses": 0.4349999999999983,
    "frequency_of_filled_pauses": 0.08610297916307903
}