{
    "total_duration": 33.255,
    "total_words": 56,
    "unique_words_count": 31,
    "average_chunk_length_in_words": 3.111111111111111,
    "articulation_rate": 3.2635934495017183,
    "mean_deviation_of_chunks_in_words": 1.5802469135802468,
    "duration_of_silences_per_word": 0.28512499999999996,
    "mean_of_silence_duration": 0.939235294117647,
    "mean_duration_of_long_pauses": 1.2732727272727273,
    "frequency_of_longer_pauses_divided_by_number_of_words": 0.19642857142857142,
    "types_divided_by_uttsegdur": 0.9321906480228537,
    "mean_length_of_filled_pauses": 0.5700000000000003,
    "frequency_of_filled_pauses": 0.030070666065253344
}