{
    "total_duration": 30.131,
    "total_words": 46,
    "unique_words_count": 34,
    "average_chunk_length_in_words": 2.0,
    "articulation_rate": 2.5735705494013654,
    "mean_deviation_of_chunks_in_words": 0.9565217391304348,
    "duration_of_silences_per_word": 0.26626086956521744,
    "mean_of_silence_duration": 0.5567272727272727,
    "mean_duration_of_long_pauses": 0.8886,
    "frequency_of_longer_pauses_divided_by_number_of_words": 0.21739130434782608,
    "types_divided_by_uttsegdur": 1.128405960638545,
    "mean_length_of_filled_pauses": 0.30599999999999916,
    "frequency_of_filled_pauses": 0.16594205303508014
}