{
    "total_duration": 72.58,
    "total_words": 122,
    "unique_words_count": 72,
    "average_chunk_length_in_words": 3.210526315789474,
    "articulation_rate": 3.026994839221915,
    "mean_deviation_of_chunks_in_words": 2.0138504155124664,
    "duration_of_silences_per_word": 0.26366393442622965,
    "mean_of_silence_duration": 0.8693783783783788,
    "mean_duration_of_long_pauses": 1.185916666666667,
    "frequency_of_longer_pauses_divided_by_number_of_words": 0.19672131147540983,
    "types_divided_by_uttsegdur": 0.9920088178561588,
    "mean_length_of_filled_pauses": 0.38500000000000006,
    "frequency_of_filled_pauses": 0.08266740148801323
}